ID,NAME,M1,M2,M3,M4,M5,M6,M7,M8,M9,M10,M11,M12,M13,M14,M15,M16,M17,M18,M19,M20,M21,M22,M23,M24,M25,M26,M27,M28,M29,M30,M31,M32,M33,M34,M35,M36,M37,M38,M39,M40,M41,M42,M43,M44,M45,M46,M47,M48,M49,M50,M51,M52,M53,M54,M55,M56,M57,M58,M59,M60,M61,M62,M63,M64,M65,M66,M67,M68,M69,M70,M71,M72,M73,M74,M75,M76,M77,M78,M79,M80,M81,M82,M83,M84,M85,M86,M87,M88,M89,M90,M91,M92,M93,M94,M95,M96,M97,M98,M99,M100,M101,M102,M103,M104,M105,M106,M107,M108,M109,M110,M111,M112,M113,M114,M115,M116,M117,M118,M119,M120,M121,M122,M123,M124,M125,M126,M127,M128,M129,M130,M131,M132,M133,M134,M135,M136,M137,M138,M139,M140,M141,M142,M143,M144,M145,M146,M147,M148,M149,M150,M151,M152,M153,M154,M155,M156,M157,M158,M159,M160,M161,M162,M163,M164,M165,M166,M167,M168,M169,M170,M171,M172,M173,M174,M175,M176,M177,M178,M179,M180,M181,M182,M183,M184,M185,M186,M187,M188,M189,M190
1,Bred_0003,2,2,2,0,0,0,0,0,0,0,2,2,2,0,2,2,2,2,2,0,0,2,2,0,2,0,2,2,2,0,0,2,2,0,2,2,2,0,0,0,0,2,2,0,0,0,0,0,0,0,2,2,1,2,2,2,0,2,2,2,0,0,0,2,0,0,2,0,2,0,0,2,2,0,2,2,2,0,0,2,0,0,2,2,2,2,0,2,2,0,0,2,2,2,2,0,0,0,0,2,0,0,2,2,2,2,0,0,2,0,2,0,2,0,2,0,2,2,2,0,2,0,2,0,0,0,0,0,2,2,2,2,0,2,2,0,0,2,2,0,0,0,2,2,2,2,2,2,2,0,0,0,2,2,2,2,2,0,0,0,0,2,2,2,2,0,2,2,0,0,1,2,0,0,2,2,0,2,2,2,2,0,1,2,0,2,2,2,2,0
2,Bred_0004,1,2,2,0,0,1,1,0,0,0,2,1,1,0,2,1,2,1,1,0,1,2,2,1,1,0,1,2,1,1,1,2,2,1,1,1,1,1,1,1,1,2,1,0,0,1,0,1,1,1,1,2,1,1,1,1,1,1,1,2,0,1,1,1,0,1,2,1,1,1,0,2,2,1,2,2,2,0,1,2,1,1,1,1,2,1,1,1,1,1,1,2,2,2,2,1,1,0,1,2,0,0,1,2,2,1,1,0,1,1,2,1,1,0,2,0,2,1,1,0,1,1,2,1,1,1,1,1,2,1,2,2,1,1,2,1,0,1,1,1,1,1,1,1,1,2,1,2,2,1,1,0,1,2,1,1,2,1,0,1,0,1,1,1,1,0,2,1,0,0,0,1,0,1,2,2,1,2,1,2,1,0,1,2,0,1,2,2,2,1
3,Bred_0005,2,2,0,2,2,2,2,2,0,0,2,2,0,0,0,0,2,2,2,2,0,1,2,2,2,2,2,2,0,0,0,0,2,2,2,2,2,0,2,1,2,2,0,2,2,2,2,0,0,2,0,2,2,2,0,2,0,2,2,2,2,0,2,2,2,0,0,0,2,0,0,2,2,0,2,2,2,2,0,0,0,0,0,0,0,0,0,2,2,2,0,0,2,2,2,0,2,2,0,0,2,2,2,2,1,0,0,2,2,0,2,2,2,0,2,2,1,2,2,0,2,2,2,2,2,0,0,0,2,2,2,0,2,0,2,0,2,0,0,2,0,2,0,1,2,2,2,2,2,0,0,2,0,2,2,2,2,0,0,2,0,2,2,2,2,2,0,2,0,0,2,2,2,0,2,2,2,0,0,1,2,0,2,0,0,0,2,1,0,0
4,Bred_0006,0,2,2,1,0,0,0,0,0,0,0,0,0,0,2,2,2,0,0,2,2,2,0,2,2,2,0,2,0,2,0,0,2,0,2,0,2,0,0,0,0,0,0,0,2,0,0,0,0,0,0,0,0,0,2,0,0,2,2,2,0,2,0,0,0,0,2,2,0,2,0,1,2,2,0,2,0,2,2,0,2,0,2,2,2,0,2,0,0,0,2,2,2,0,2,0,0,0,2,2,0,0,2,2,1,0,0,0,0,2,2,2,0,1,2,0,2,0,0,0,0,0,2,2,0,0,0,0,2,2,0,2,0,0,2,2,0,2,2,2,2,0,0,2,0,2,0,0,2,0,0,0,0,2,2,2,0,0,0,0,0,2,0,0,0,0,2,0,0,2,2,0,0,0,2,2,0,2,0,2,0,0,1,2,0,2,2,0,2,2
5,Bred_0013,0,0,0,2,2,0,0,2,0,0,1,0,2,0,2,1,0,0,0,0,0,0,0,2,0,0,0,0,2,2,0,2,0,0,0,0,2,0,0,0,0,2,2,0,2,0,0,0,0,0,2,2,0,0,2,0,0,2,0,0,0,0,0,0,0,0,2,0,0,0,0,0,2,0,0,2,0,0,0,2,0,0,0,2,0,0,0,0,0,0,1,2,2,0,2,0,0,0,0,2,0,0,0,0,0,2,1,0,2,0,0,0,2,0,0,0,0,0,0,0,0,0,0,2,0,1,0,1,2,1,2,2,2,2,2,2,0,0,0,0,0,2,2,0,0,0,2,2,2,1,1,2,2,0,0,2,1,2,2,2,2,2,0,0,0,0,2,0,0,2,2,0,0,0,0,2,0,0,0,2,0,0,1,0,1,2,2,0,0,0
6,Bred_0014,2,2,2,2,1,0,0,2,0,2,0,0,2,0,0,2,2,2,2,2,0,2,0,2,2,2,2,2,0,0,0,0,2,0,2,2,0,2,2,0,0,2,2,0,0,0,0,2,2,2,2,1,0,2,0,2,0,2,2,2,0,0,0,0,0,0,2,0,2,0,0,2,0,0,2,2,0,2,1,0,0,2,2,0,2,0,0,2,2,0,2,0,2,0,1,2,0,2,0,1,0,0,2,2,1,0,0,2,2,0,2,2,0,2,2,0,2,2,1,0,2,0,2,2,1,2,0,2,2,2,2,0,0,0,0,2,0,2,2,2,2,1,2,2,2,2,0,0,2,2,0,2,2,2,2,2,0,2,2,2,2,2,2,2,2,0,0,2,2,0,2,2,0,2,2,2,2,2,0,0,0,2,1,2,0,2,2,2,2,0
7,Bred_0016,0,0,2,0,0,0,0,2,0,0,0,0,0,0,0,2,2,0,2,2,0,0,0,2,0,2,2,2,2,0,0,2,2,2,2,0,0,0,2,0,2,2,0,0,2,0,0,0,2,2,0,2,2,0,2,1,0,2,0,2,0,0,0,0,0,0,2,0,0,0,0,2,0,0,0,2,0,2,2,2,0,1,0,2,0,0,0,0,0,0,0,2,2,0,0,2,0,2,0,2,0,0,0,2,1,2,2,2,2,0,0,0,2,2,2,0,0,2,0,0,0,2,2,2,0,2,0,2,2,0,2,2,0,2,2,1,0,0,0,0,2,0,1,2,2,2,0,2,2,0,2,2,1,2,2,0,0,2,2,2,2,2,0,2,0,0,2,0,0,2,2,0,0,2,2,2,2,2,0,2,0,0,1,0,2,2,2,0,2,0
8,Bred_0017,0,2,2,2,2,2,2,2,2,2,2,2,2,0,0,2,0,0,2,0,0,2,2,2,2,0,2,0,0,2,0,0,0,2,0,0,1,2,2,0,2,2,2,2,0,2,2,2,2,2,2,2,2,2,0,0,2,0,2,0,2,0,2,0,2,2,0,0,0,0,2,2,0,0,2,0,2,0,1,0,0,0,2,0,0,2,0,0,0,2,0,0,2,2,0,0,2,2,0,2,2,2,2,0,1,0,0,0,2,0,2,0,2,2,0,2,2,0,2,2,2,2,0,2,2,2,2,2,2,2,2,0,2,2,0,0,2,2,2,0,0,0,0,0,0,0,0,0,2,2,0,2,0,0,0,2,2,2,2,0,2,0,0,0,0,2,2,0,2,0,2,0,2,2,0,0,2,0,0,0,2,1,2,0,0,0,0,2,0,0
9,Bred_0021,2,0,0,0,2,0,0,0,2,2,2,2,2,2,0,2,2,2,0,2,0,0,2,0,2,2,0,2,2,0,0,0,2,2,0,2,2,0,0,0,2,0,2,2,0,0,2,0,0,0,2,0,0,0,0,2,2,2,2,2,2,0,0,2,2,2,2,0,2,0,2,2,2,1,2,0,2,2,2,0,0,2,2,2,2,2,1,2,2,0,2,1,2,2,1,2,0,0,0,0,2,2,2,2,1,2,2,0,0,0,0,2,0,0,2,2,2,2,0,2,0,2,2,0,2,2,0,2,2,2,0,2,2,0,2,0,2,0,2,2,2,0,2,2,2,0,2,2,2,2,2,0,1,2,2,2,2,2,2,0,2,2,2,2,2,1,2,2,2,2,2,2,2,0,2,0,0,2,2,2,2,2,2,2,0,0,2,0,2,0
10,Bred_0022,0,0,0,0,0,0,0,0,2,2,2,0,2,0,2,2,2,0,0,0,0,0,1,0,0,0,0,0,2,2,0,2,0,0,1,0,0,2,0,1,0,2,2,2,0,0,2,2,0,0,2,2,0,2,2,0,2,0,0,2,2,0,0,2,0,0,0,2,0,0,1,0,2,0,2,0,2,0,1,2,0,0,0,2,0,0,0,0,0,0,0,2,2,2,2,0,0,0,2,1,2,2,0,2,1,2,2,2,2,0,0,0,2,0,0,2,2,0,2,1,2,0,2,0,2,2,2,2,2,2,0,2,2,2,2,0,2,2,0,1,0,0,0,0,0,2,0,2,2,0,2,0,0,0,0,2,0,0,0,2,0,0,0,0,0,2,2,0,0,0,2,0,2,2,2,1,0,1,0,2,0,0,2,0,0,0,0,2,0,2
11,Bred_0023,0,0,2,2,2,0,0,2,0,2,2,0,0,1,0,1,2,0,0,0,0,0,2,0,1,2,2,0,2,0,2,2,2,0,2,0,0,0,0,0,0,2,0,0,2,0,0,0,0,0,0,2,0,2,0,0,1,0,2,2,0,0,0,2,0,1,0,0,0,0,0,2,1,0,2,0,0,0,0,2,0,0,2,2,0,0,0,0,1,0,0,1,2,2,2,0,0,0,0,2,0,0,2,2,2,2,0,2,2,0,0,0,2,2,0,0,0,0,2,0,2,0,2,0,0,0,0,0,2,2,2,1,2,2,0,0,0,2,2,0,0,2,0,0,2,2,2,0,2,0,0,2,0,2,0,2,2,0,0,2,0,0,0,0,0,0,2,0,2,2,0,0,0,2,2,2,0,1,1,1,0,0,2,0,0,0,0,0,1,0
12,Bred_0024,0,2,0,2,2,0,0,2,0,0,2,2,2,2,0,0,2,0,2,2,1,2,2,2,0,2,0,1,0,2,0,0,1,2,0,0,2,0,2,0,2,0,2,2,0,0,2,0,2,2,2,0,0,2,2,0,0,2,0,2,2,2,0,0,2,0,0,2,0,2,0,2,2,2,2,0,1,2,0,0,2,2,0,0,0,0,2,0,0,0,2,1,2,2,1,2,0,0,2,1,2,2,0,2,1,0,0,0,0,2,2,2,0,2,1,2,2,0,2,0,2,2,2,2,0,2,2,2,2,0,2,0,2,0,2,2,2,0,0,2,0,0,2,2,1,0,2,2,2,0,0,2,2,1,2,0,2,2,2,0,2,2,0,0,0,2,2,0,0,2,2,0,2,0,2,2,2,2,2,2,0,0,2,2,0,0,0,0,2,2
13,Bred_0026,2,0,0,2,2,2,2,0,2,2,2,2,0,0,2,0,2,2,0,0,0,0,0,2,1,1,0,0,2,0,2,2,0,0,0,1,2,0,0,2,0,0,0,2,2,2,1,0,0,1,0,2,2,2,2,1,2,2,1,0,1,0,1,2,2,0,2,0,2,0,2,0,2,0,0,2,2,0,2,2,0,0,1,2,0,0,0,2,2,2,0,2,1,0,1,0,2,0,0,0,1,1,1,0,2,2,0,0,2,0,0,2,2,2,0,1,2,2,2,2,2,0,0,2,2,0,2,0,2,2,0,2,2,2,2,2,1,2,2,0,2,0,2,2,2,0,2,2,2,0,0,0,2,0,2,2,0,2,2,0,1,2,2,2,2,1,0,2,0,2,2,2,1,0,2,2,0,2,0,2,2,0,2,0,0,2,2,0,2,0
14,Bred_0027,1,0,2,2,2,2,2,0,0,0,0,0,2,0,2,2,2,1,2,2,0,0,2,0,2,2,2,2,2,2,0,2,2,2,2,1,2,1,2,0,2,2,2,2,0,0,2,1,2,2,2,0,2,1,2,0,2,2,0,2,2,0,2,0,2,0,0,0,0,0,0,2,2,0,0,2,0,2,0,2,0,2,0,2,0,0,0,1,1,0,2,2,2,0,2,2,2,2,0,0,2,2,2,2,1,2,0,2,0,0,0,2,0,2,2,2,0,0,0,0,1,2,2,0,0,0,0,0,2,0,0,2,0,0,2,0,2,0,0,2,0,1,2,2,0,2,2,2,2,0,0,0,2,2,2,0,2,0,0,2,0,2,0,0,0,2,0,0,0,2,2,0,2,1,2,0,2,2,0,2,0,0,2,0,0,0,2,0,2,0
15,Bred_0028,1,1,1,2,2,1,1,0,2,2,2,2,1,0,1,0,2,1,1,0,1,1,1,1,0,1,1,0,2,1,2,2,0,1,0,1,2,1,0,2,1,0,1,2,2,1,2,1,1,1,1,2,2,2,1,0,2,2,1,0,2,0,1,1,2,0,2,0,1,0,2,1,2,0,1,2,2,0,2,2,0,1,1,2,0,0,0,1,1,1,1,2,2,0,2,1,1,1,0,1,2,2,1,1,2,2,1,0,2,0,1,1,2,2,0,2,2,1,2,2,2,1,1,1,2,1,2,1,2,2,1,2,1,2,2,1,2,1,1,1,2,0,1,2,1,0,2,2,2,1,1,0,1,0,2,2,1,2,2,1,2,2,1,1,1,2,1,2,1,1,2,1,2,1,2,1,1,2,0,2,2,1,1,0,0,2,2,1,2,1
16,Bred_0030,0,0,2,0,0,0,0,2,0,1,0,0,0,0,0,2,2,0,2,2,0,0,0,2,0,2,2,2,2,0,0,2,2,2,2,0,0,0,2,0,2,2,0,0,2,0,0,0,2,2,0,2,2,0,2,0,0,1,0,2,0,0,0,0,0,0,0,0,0,0,0,2,0,0,1,2,0,2,2,2,0,2,0,2,0,0,0,0,0,0,0,2,2,0,0,2,0,2,0,2,0,0,0,2,1,2,2,1,2,0,0,0,2,2,2,0,0,2,0,0,0,2,2,2,0,2,0,2,2,0,2,2,0,2,2,1,0,0,0,0,2,0,1,2,2,2,0,2,2,0,2,2,1,2,2,0,0,2,2,2,2,2,0,2,0,0,2,0,0,2,2,0,0,2,2,2,2,2,0,2,0,0,1,0,2,1,2,0,2,0
17,Bred_0031,2,1,0,0,0,0,1,2,2,2,0,1,1,2,0,0,0,2,1,0,2,1,0,1,1,0,2,0,1,1,1,1,0,2,0,2,2,2,0,1,2,0,1,0,1,0,1,2,0,0,1,1,1,2,0,1,2,2,0,1,1,2,1,0,0,0,2,2,2,2,2,0,2,2,1,2,1,0,1,2,2,1,1,1,2,1,2,2,2,0,2,1,2,0,2,1,1,1,2,1,1,1,1,0,1,1,0,0,1,2,1,2,1,0,0,1,1,0,1,2,2,2,0,1,1,2,2,2,2,1,2,1,1,1,2,1,1,2,1,2,0,1,1,2,1,0,2,2,2,2,1,2,1,0,2,1,0,0,0,0,1,2,2,0,2,1,1,2,2,1,1,2,1,2,0,1,1,2,2,2,1,1,1,2,0,1,2,1,2,2
18,Bred_0033,1,0,0,0,0,2,2,2,2,2,0,0,2,2,0,0,0,1,2,0,2,0,0,0,2,0,2,0,0,1,2,0,0,2,0,1,2,2,2,2,2,2,2,0,2,0,0,2,0,2,0,0,2,1,0,2,2,2,2,0,0,2,2,0,0,2,2,2,1,2,2,0,2,2,0,1,0,0,2,0,2,0,2,0,2,0,2,1,1,0,2,0,2,0,0,0,2,2,2,0,0,0,2,0,2,0,2,0,0,2,0,2,0,0,0,0,0,1,1,2,1,2,0,0,0,2,2,2,1,2,2,0,0,0,2,0,0,2,2,2,0,0,1,2,1,0,2,2,2,2,2,2,0,0,2,2,0,0,0,0,0,2,1,1,1,0,0,1,2,0,2,1,0,2,0,0,2,2,2,0,0,0,1,2,0,0,2,2,2,2
19,Bred_0036,2,0,0,2,2,2,2,0,2,2,2,2,0,0,2,0,2,2,0,0,0,0,0,2,0,0,0,0,2,0,2,2,0,0,0,2,2,0,0,2,0,0,0,2,2,2,2,0,0,0,0,2,2,2,2,0,2,2,0,0,2,0,2,2,2,0,2,0,2,0,2,0,2,0,0,2,2,0,2,2,0,0,1,2,0,0,0,1,2,2,0,2,2,0,2,0,2,0,0,0,2,2,0,0,2,2,0,0,2,0,0,2,2,2,0,2,2,2,2,2,2,0,0,2,2,0,2,0,2,2,1,2,2,2,2,2,2,2,1,0,2,0,2,2,2,0,2,2,2,0,0,0,2,0,2,2,0,2,2,0,2,2,2,2,2,2,0,2,0,2,2,2,2,0,2,2,0,2,0,2,2,0,2,0,0,2,2,1,2,1
20,Bred_0038,2,0,0,2,2,2,2,1,2,2,2,2,0,0,2,0,2,2,0,0,0,0,0,2,1,0,2,0,2,0,2,2,0,0,0,2,2,0,0,2,0,0,0,2,2,2,0,0,0,0,0,2,2,2,0,0,2,2,1,0,1,0,2,2,2,0,2,0,2,0,2,0,2,0,0,2,2,0,2,2,0,0,2,2,0,0,0,2,2,2,0,2,2,0,2,0,2,0,0,0,0,0,1,0,2,2,0,1,2,0,0,2,2,2,0,0,2,2,2,2,2,0,0,2,2,0,2,0,2,2,1,2,2,2,2,2,0,2,1,0,2,0,2,2,2,0,2,2,2,0,0,1,2,0,2,2,0,2,2,0,2,2,2,2,2,1,0,2,0,2,2,2,0,0,2,2,0,2,0,2,2,0,2,0,0,2,2,0,2,0
21,Bred_0039,2,1,2,1,1,2,2,1,1,1,2,2,1,1,2,1,2,2,0,1,0,1,1,1,1,1,1,1,2,0,2,2,1,1,1,2,1,1,0,2,0,0,1,1,1,2,0,1,0,0,1,2,2,2,1,1,2,2,1,1,0,0,2,1,1,1,1,0,2,0,0,0,2,0,1,2,2,1,2,2,0,1,2,2,0,0,0,2,2,2,0,2,2,1,2,1,2,0,0,1,0,0,1,1,2,2,1,1,2,0,1,1,2,1,1,0,2,2,2,1,2,0,1,1,2,1,2,1,2,2,1,2,2,2,2,1,0,2,2,0,2,1,2,2,2,1,1,2,2,1,1,1,2,1,1,2,1,1,1,0,1,2,2,2,2,0,1,2,0,2,1,2,0,0,2,1,0,2,1,2,2,1,2,0,1,1,2,0,2,0
22,Bred_0046,0,2,0,0,0,0,0,2,0,0,2,2,2,0,2,0,2,0,0,2,0,2,0,2,0,2,2,2,2,2,0,2,2,2,2,0,0,0,0,0,2,0,2,2,2,0,2,0,0,0,2,2,0,2,2,0,0,2,0,2,2,0,0,2,2,0,2,0,0,0,0,0,0,2,2,0,1,2,2,2,0,2,0,2,2,0,2,0,0,0,2,2,2,0,0,2,0,0,0,2,2,2,0,2,1,2,2,2,2,0,2,2,2,0,2,2,2,0,0,0,2,2,2,2,2,2,0,2,1,2,2,2,2,2,2,2,2,0,0,2,2,2,2,2,0,0,0,2,2,0,2,2,2,2,2,2,0,2,2,2,2,2,0,0,0,2,2,0,2,2,2,0,2,0,2,2,0,2,0,2,2,2,2,2,2,2,2,0,2,0
23,Bred_0047,2,2,2,0,0,0,0,0,0,0,2,2,2,0,2,2,2,2,2,0,0,2,2,0,2,0,2,2,1,0,0,2,2,0,2,2,2,0,0,0,0,2,2,0,0,0,0,0,0,0,2,2,2,2,2,2,0,2,2,2,0,0,0,2,0,0,2,0,2,0,0,2,2,0,2,2,2,0,0,2,0,0,1,2,2,2,0,2,2,0,0,2,2,2,2,0,0,0,0,2,0,0,2,2,2,2,0,0,2,0,2,0,2,0,2,0,2,2,2,0,2,0,2,0,0,0,0,0,2,2,2,2,0,2,2,0,0,2,2,0,0,0,2,2,2,2,2,2,2,0,0,0,2,2,2,2,2,0,0,0,0,2,2,2,2,0,2,2,0,0,1,2,0,0,2,2,0,2,2,2,2,0,1,2,0,2,2,2,2,0
24,Bred_0048,2,0,0,2,2,2,2,1,2,2,2,2,0,0,0,0,2,2,0,0,0,0,1,2,2,1,1,0,2,0,2,2,0,0,0,2,2,0,0,2,0,0,0,0,2,2,0,0,0,0,0,2,2,2,0,0,2,2,0,0,0,0,2,2,0,0,2,0,2,0,2,0,2,0,0,2,2,0,2,2,0,0,0,2,0,0,0,2,2,2,0,2,2,0,2,0,2,0,0,0,0,0,1,0,2,2,0,0,2,0,0,0,2,2,0,0,2,2,2,2,2,0,0,2,2,0,2,0,2,2,1,2,2,2,2,2,0,2,0,0,2,0,2,2,2,0,2,2,2,0,0,1,2,0,2,2,0,2,2,1,2,2,2,2,2,0,0,2,0,2,2,2,0,0,2,2,0,2,0,2,2,0,2,0,0,2,2,0,2,0
25,Bred_0049,2,2,0,0,0,1,2,2,0,0,2,0,0,0,0,0,2,2,2,2,2,2,2,0,2,2,2,2,2,0,2,2,2,2,0,2,0,0,0,2,2,1,0,2,2,0,2,0,0,0,0,2,2,0,2,2,2,2,2,2,2,2,2,0,2,0,2,2,2,2,0,2,2,2,0,1,0,2,2,2,2,2,2,2,2,0,2,2,2,0,0,2,2,0,2,2,2,0,2,0,2,2,2,2,2,2,2,0,2,2,2,2,2,0,2,2,2,2,0,0,0,2,2,0,0,2,0,2,2,2,2,2,0,2,2,0,2,0,2,0,2,0,0,1,2,0,2,2,2,2,2,2,0,2,2,2,2,0,0,0,0,2,2,2,2,2,0,2,0,2,0,2,2,0,2,0,0,2,1,2,0,2,1,0,2,0,2,1,2,2
26,Bred_0052,2,0,2,0,0,2,2,0,2,2,0,2,2,0,0,0,2,2,0,2,0,0,2,2,0,2,0,2,2,0,2,2,2,2,0,2,0,2,2,2,2,2,2,2,0,2,2,2,2,2,2,0,2,2,0,2,2,2,0,2,2,0,2,0,2,2,0,0,2,0,2,2,2,0,0,0,2,2,2,2,0,2,0,2,0,2,0,2,2,2,2,2,2,0,2,2,2,2,0,2,2,2,0,2,2,2,0,0,0,0,0,2,0,0,2,2,2,2,2,2,2,2,2,2,2,0,2,0,2,0,0,2,0,2,2,2,2,0,0,2,2,0,2,2,1,0,2,2,2,0,0,0,2,2,2,0,2,2,2,0,2,2,2,2,2,2,2,2,2,2,2,2,2,2,2,2,2,2,0,2,2,0,1,0,0,0,0,0,2,0
27,Bred_0053,2,2,0,0,0,2,2,0,2,2,2,2,1,1,2,0,2,2,0,2,0,2,2,1,2,2,0,2,0,0,2,0,2,0,0,2,0,2,0,2,0,2,1,0,2,2,0,2,2,0,0,0,2,2,2,2,2,2,2,2,0,0,2,0,0,0,0,0,2,0,0,0,0,2,2,1,1,2,2,0,0,0,2,0,0,0,2,2,2,2,2,0,2,1,0,0,2,0,0,0,0,0,2,2,1,0,1,1,0,0,2,2,0,0,2,0,2,2,2,2,2,0,2,1,0,2,0,2,1,2,0,0,2,1,2,0,0,1,2,2,2,0,0,2,2,0,0,0,2,2,1,0,0,2,2,2,2,0,0,0,0,2,2,2,2,0,0,2,0,0,0,2,0,2,2,2,0,2,1,0,2,1,2,0,1,0,1,2,2,0
28,Bred_0055,0,2,2,2,2,0,0,1,2,2,2,2,2,0,0,2,2,0,2,0,1,2,2,0,0,0,1,0,2,2,2,2,0,2,0,0,2,2,2,2,2,0,2,2,2,0,2,2,2,2,2,2,2,2,0,0,2,2,0,0,2,1,0,0,2,0,1,0,0,1,2,2,2,0,2,2,2,0,2,2,1,2,2,2,0,0,1,0,0,0,2,2,2,2,2,2,0,2,0,2,2,2,0,2,2,2,2,0,2,1,2,2,2,2,0,2,2,0,2,2,2,2,2,0,2,2,2,2,2,0,1,2,0,2,2,0,2,0,0,2,2,0,0,2,0,0,2,2,2,2,2,1,0,0,2,2,2,2,2,2,2,2,0,0,0,2,2,2,2,0,2,0,2,2,2,0,2,2,0,2,2,2,1,0,0,1,2,2,2,0
29,Bred_0057,0,2,2,2,2,0,0,0,2,2,2,2,2,0,0,2,2,0,2,0,1,2,2,0,0,0,0,0,2,2,2,2,0,2,0,0,2,2,2,2,2,0,2,2,2,0,2,2,2,2,2,2,2,2,0,0,2,2,0,0,2,1,0,0,2,0,1,0,0,1,2,2,2,0,2,2,2,0,2,2,1,2,2,2,0,0,1,0,0,0,2,2,2,2,2,2,0,2,0,2,2,2,0,2,2,2,2,0,2,1,2,2,2,2,0,2,2,0,2,2,2,2,2,0,2,2,2,2,2,0,0,2,0,2,2,0,2,0,0,2,2,0,0,2,0,0,2,2,2,2,2,0,0,0,2,2,2,2,2,2,2,2,0,0,0,2,2,2,2,0,1,0,2,2,2,0,2,2,0,2,2,2,1,0,0,1,2,2,2,0
30,Bred_0058,1,1,1,0,2,1,1,1,2,2,1,2,2,1,0,1,1,1,1,2,2,1,2,1,1,2,1,2,1,1,2,1,2,1,0,1,1,1,1,1,1,2,2,1,1,1,1,1,0,2,2,1,1,0,0,1,2,1,0,1,1,2,1,1,1,1,2,1,1,2,1,2,1,1,0,2,2,2,1,1,2,1,1,1,1,1,2,1,1,1,2,1,2,2,1,1,1,0,1,2,1,1,0,1,2,1,1,0,1,2,1,2,1,0,2,1,2,1,0,2,0,1,1,1,2,2,1,2,2,1,1,1,1,1,1,1,1,0,0,2,0,0,1,1,1,0,2,1,2,2,1,1,1,2,1,1,2,2,2,1,2,1,1,1,1,1,2,1,2,0,1,1,1,1,1,1,0,1,1,1,1,0,1,1,0,2,1,2,1,1
31,Bred_0059,0,2,2,0,0,2,2,0,2,2,2,2,0,2,0,0,2,0,2,2,2,2,0,0,0,2,0,2,1,1,0,1,2,0,0,0,2,0,2,0,0,0,0,0,2,2,0,0,2,2,0,2,2,0,0,2,0,0,0,2,0,2,2,2,0,2,0,2,0,2,0,2,2,0,2,0,0,2,2,1,2,0,0,2,0,0,0,0,0,2,0,2,2,0,2,0,2,2,2,0,0,0,0,2,0,2,0,0,1,2,2,0,1,0,2,0,2,0,0,2,0,0,2,0,0,0,2,0,2,0,0,2,2,1,0,0,0,0,0,0,2,2,0,0,0,0,2,2,2,0,0,0,0,2,0,0,0,2,2,2,2,0,0,0,0,0,2,0,2,0,0,0,0,0,2,0,2,0,2,2,2,0,2,0,0,0,0,2,0,2
32,Bred_0063,0,0,0,2,2,0,0,0,2,2,0,0,0,0,0,0,2,0,0,2,1,0,2,2,0,2,0,2,2,2,2,2,2,0,0,0,2,0,0,2,0,0,0,0,0,0,0,0,0,0,2,2,2,0,0,0,0,0,0,2,0,2,0,2,2,0,1,1,0,1,2,2,0,2,0,2,0,2,0,2,2,0,0,2,1,0,2,0,0,0,0,2,2,0,0,0,0,0,2,2,0,0,0,2,2,2,2,0,2,1,0,0,2,0,2,0,0,0,0,2,0,0,2,2,0,0,0,0,2,0,0,2,2,2,2,2,0,0,0,0,0,2,2,0,0,0,2,2,2,0,2,0,2,2,0,0,2,0,0,0,1,0,0,0,0,0,2,0,2,2,2,0,0,0,2,2,0,0,0,2,0,2,2,2,2,0,2,2,0,2
33,Bred_0064,2,0,2,0,0,0,0,0,2,2,1,0,2,0,0,2,0,2,0,2,2,0,0,0,2,2,0,2,2,0,2,2,2,0,0,2,0,2,0,2,0,0,2,0,0,0,0,2,0,0,2,2,0,2,0,2,2,2,2,0,0,0,0,2,0,0,0,1,2,2,2,0,0,0,0,2,0,2,2,2,2,0,2,2,2,0,0,2,2,0,2,2,2,2,0,0,0,0,2,0,0,0,2,0,2,2,2,0,2,2,0,2,2,2,2,0,2,2,2,2,2,0,0,0,2,2,2,2,2,2,0,2,2,2,2,0,0,2,2,2,2,2,2,2,2,0,2,2,2,2,2,0,2,2,2,0,0,0,0,0,0,2,2,2,2,0,1,2,2,2,0,2,0,2,0,0,0,2,0,2,0,2,2,2,2,0,1,0,2,1
34,Bred_0066,2,0,2,0,0,0,0,2,2,0,2,0,0,2,2,2,2,2,2,2,0,0,0,2,2,2,2,2,2,0,0,2,2,1,2,2,0,2,2,0,1,2,0,1,0,0,1,2,0,2,0,2,2,2,2,2,2,2,2,2,1,0,0,0,1,0,0,0,2,0,0,0,0,0,0,2,2,2,2,2,0,0,0,1,0,0,0,2,2,0,0,1,2,2,0,0,0,2,0,0,1,1,2,2,1,2,2,2,2,0,0,2,2,0,2,1,0,2,2,2,2,1,2,2,2,2,2,2,1,2,2,1,2,2,0,2,1,0,0,2,2,2,2,2,2,2,0,0,2,2,2,2,0,2,2,0,0,0,0,2,0,2,2,2,2,1,2,2,0,0,2,2,1,2,2,0,2,2,2,2,1,2,2,0,0,2,2,1,2,0
35,Bred_0068,0,0,2,2,2,2,2,2,2,2,0,1,2,0,2,2,0,0,2,0,2,0,2,2,2,0,2,2,2,2,0,2,1,2,2,0,0,2,2,0,2,0,2,2,0,2,2,2,2,2,1,1,2,0,2,0,2,0,2,1,2,2,2,2,2,0,2,2,0,1,2,1,2,2,0,0,0,0,2,2,1,0,2,0,2,1,2,0,0,2,0,0,2,0,0,0,2,1,1,0,2,2,2,0,1,2,2,2,1,2,0,0,2,2,2,2,1,0,0,2,0,2,0,2,0,0,1,0,1,2,2,0,0,2,0,2,2,2,2,0,2,2,1,0,0,2,0,0,2,0,2,2,1,2,0,2,2,2,2,2,2,0,0,0,0,2,0,1,2,2,2,0,2,2,0,2,2,0,0,2,1,0,1,2,2,2,0,2,0,1
36,Bred_0069,1,1,1,0,1,1,1,1,1,1,1,0,1,2,1,0,1,1,1,1,1,1,1,1,1,0,0,1,1,1,0,2,0,1,0,1,1,1,1,0,0,1,1,1,1,0,0,1,1,1,1,1,0,1,1,0,1,1,0,1,0,0,1,1,1,2,1,1,1,1,0,1,1,1,1,1,0,1,1,2,1,2,0,2,1,2,0,1,1,0,1,1,1,1,0,2,0,0,0,1,0,1,0,1,2,2,2,1,1,1,1,2,1,1,1,1,0,1,1,1,0,0,1,1,0,1,0,1,0,1,0,2,2,2,1,1,1,2,0,1,1,1,2,1,0,0,2,1,2,1,1,1,1,1,2,0,1,1,1,1,1,1,1,1,1,1,1,1,0,1,0,1,1,1,1,2,1,2,1,2,1,1,1,1,0,2,1,2,1,0
37,Bred_0071,0,2,2,1,0,0,0,1,0,0,1,1,0,1,1,1,2,0,1,1,1,2,1,1,2,1,1,1,0,1,2,0,1,1,1,0,1,1,0,1,1,0,0,0,1,1,0,1,0,0,0,0,1,0,2,1,1,2,2,2,0,1,0,1,0,0,1,0,1,1,0,1,2,1,0,1,1,1,2,0,1,1,2,1,1,0,1,0,0,1,2,1,2,0,2,1,0,0,1,1,0,0,2,2,2,0,0,1,0,1,2,2,0,1,1,0,1,0,0,0,0,1,2,1,1,1,0,1,2,2,1,1,1,0,1,2,0,2,2,2,2,1,0,2,1,1,0,0,2,1,0,1,0,1,2,1,0,0,0,1,0,2,1,0,1,0,2,1,0,2,2,0,0,1,1,1,0,2,1,2,1,0,1,1,0,2,1,1,2,1
38,Bred_0072,2,2,0,2,2,2,2,2,0,0,2,2,0,0,0,0,2,2,2,2,0,2,2,2,2,2,2,2,0,0,0,0,2,2,2,2,2,0,2,2,2,2,0,2,2,2,2,0,0,2,0,2,2,2,0,2,0,2,2,2,2,0,2,2,2,0,0,0,2,0,0,2,2,0,2,2,2,2,0,0,0,0,0,1,0,0,0,2,2,2,1,0,2,2,2,0,2,2,0,0,2,2,2,2,1,0,0,2,2,0,2,2,2,0,2,2,1,2,2,0,2,2,2,2,2,0,0,0,2,2,2,0,2,0,2,0,2,1,0,2,0,2,0,2,2,2,2,2,2,0,0,2,0,2,2,2,2,0,0,2,0,2,2,2,2,2,0,2,0,0,2,2,2,0,2,2,2,0,0,0,2,0,2,0,0,0,2,2,0,1
39,Bred_0074,2,0,2,2,2,2,2,0,2,2,0,2,2,0,0,0,2,2,0,2,0,0,2,1,0,2,0,2,2,0,2,2,2,2,0,2,0,2,2,2,2,2,2,2,0,2,2,2,2,2,2,0,2,2,0,2,2,2,0,2,2,0,2,0,2,2,0,0,2,0,2,2,2,0,0,0,2,2,2,2,0,2,0,2,0,2,0,2,2,2,2,2,2,0,1,2,2,2,0,2,2,2,0,2,2,2,0,0,0,0,0,2,0,2,2,2,2,2,2,2,2,2,2,1,2,0,2,0,1,0,0,2,0,2,2,1,2,0,0,2,2,0,2,2,2,0,2,2,2,0,0,0,2,2,2,0,2,1,1,0,1,2,2,2,2,2,2,2,2,2,2,2,2,2,2,1,2,2,0,2,2,0,1,0,0,0,2,0,2,0
40,Bred_0082,2,2,0,0,0,2,2,0,1,1,2,2,1,2,2,0,2,2,0,2,0,2,2,1,2,2,0,2,0,0,2,0,2,0,0,2,0,2,0,2,0,2,1,0,0,2,0,2,1,1,0,0,2,2,2,2,2,2,2,2,0,0,2,0,0,0,0,0,2,0,0,2,0,2,2,2,2,2,2,0,0,0,2,0,0,0,2,2,2,2,2,0,2,0,0,0,2,0,0,0,0,0,2,2,1,0,2,0,0,0,2,2,0,0,2,0,2,2,2,1,2,0,2,1,0,2,0,2,2,2,0,0,2,0,2,0,0,0,2,2,2,0,0,2,2,0,0,0,2,2,2,0,0,2,2,2,2,0,0,0,0,2,2,2,2,0,0,2,0,0,0,2,0,2,2,1,0,2,2,0,2,2,2,0,2,0,1,2,2,0
41,Bred_0083,0,2,0,0,0,2,2,0,2,2,2,2,0,1,0,0,2,0,2,2,2,2,2,0,0,2,0,2,2,2,0,2,2,0,0,0,2,0,2,0,0,0,0,0,0,2,0,0,2,2,0,2,2,0,0,0,0,0,0,2,0,2,2,2,0,2,0,2,0,2,0,2,2,0,2,0,0,2,2,2,2,0,0,2,0,0,0,0,0,2,1,2,2,0,2,0,2,2,2,0,0,0,0,2,1,2,0,0,2,2,2,1,2,0,2,0,2,0,0,2,0,0,2,0,0,0,2,0,2,0,0,2,2,2,0,0,0,0,0,1,2,2,0,0,0,0,2,2,2,0,0,0,0,2,0,0,2,2,2,2,2,0,0,0,0,0,2,0,2,0,0,0,0,0,2,0,2,0,1,2,2,0,2,0,0,0,0,2,0,2
42,Bred_0085,2,2,0,0,0,2,2,0,2,2,2,2,0,2,2,0,2,2,0,2,0,2,2,1,2,2,0,2,0,0,2,0,2,0,0,2,0,2,0,2,0,2,0,0,2,2,0,2,1,0,0,0,2,2,2,2,2,2,2,2,0,0,2,0,0,0,0,0,2,0,0,1,0,2,2,2,1,2,2,0,0,0,2,0,0,0,2,2,2,2,2,0,2,1,0,0,2,0,0,0,0,0,2,2,1,0,1,0,0,0,2,2,0,0,2,0,2,2,2,2,2,0,2,1,0,1,0,0,2,2,0,0,2,0,2,0,0,1,2,2,2,0,0,2,2,0,0,0,2,1,1,0,0,2,2,2,2,0,0,0,0,2,2,2,2,0,0,2,0,0,0,2,0,2,2,1,0,2,2,0,2,2,2,0,1,0,2,2,2,0
43,Bred_0086,0,0,0,2,2,0,2,0,2,2,0,0,0,0,0,0,2,0,0,2,0,0,2,2,0,2,0,2,2,2,2,2,2,0,0,0,2,2,0,2,0,0,0,0,0,0,0,2,0,0,2,2,2,0,0,0,0,0,0,2,0,2,0,2,2,0,0,1,0,0,2,2,0,2,0,1,0,2,0,2,1,0,0,2,0,0,2,0,0,0,0,2,2,0,0,0,0,0,1,2,0,0,0,2,2,2,2,0,2,0,0,0,2,0,2,0,0,0,0,2,0,0,2,2,0,0,0,0,2,0,0,2,2,2,2,2,0,0,0,0,0,2,2,0,0,0,2,2,2,0,2,0,2,2,0,0,2,2,2,0,2,0,0,0,0,0,2,0,2,2,2,0,0,2,2,2,0,0,0,2,0,2,2,0,2,0,2,2,0,1
44,Bred_0089,1,1,2,1,1,0,0,1,2,1,2,1,1,1,1,2,1,1,1,2,1,1,1,1,1,2,1,2,1,1,1,1,2,1,1,1,1,1,1,0,1,1,1,1,1,1,1,1,1,1,1,1,1,1,1,1,1,1,1,1,1,1,0,1,1,0,1,1,1,1,0,1,1,1,0,1,1,2,2,2,1,1,1,1,1,1,1,1,1,1,1,1,2,0,1,1,0,1,1,1,1,1,1,2,1,1,1,1,1,1,1,2,1,1,2,1,1,1,1,1,1,1,2,1,1,1,1,1,2,2,1,1,1,1,1,1,1,1,1,1,1,1,1,1,2,1,1,1,2,1,1,1,1,2,1,1,1,1,0,1,1,1,2,1,1,1,1,1,1,1,1,1,1,1,1,0,1,1,1,2,1,1,1,1,1,1,1,0,1,1
45,Bred_0094,1,0,1,1,1,1,1,1,0,0,1,0,1,0,1,2,0,1,1,2,1,0,1,1,2,2,1,2,0,1,1,0,2,2,1,1,1,2,1,0,2,1,1,2,1,0,1,2,1,1,1,0,0,1,0,1,1,0,2,0,2,0,1,1,2,2,1,1,1,1,0,1,1,1,2,1,0,2,1,0,1,2,2,1,1,1,1,1,1,0,0,1,2,0,1,2,1,1,1,1,1,1,2,0,2,0,1,1,0,1,0,0,0,1,2,1,1,1,2,0,1,2,0,1,0,1,2,1,2,1,0,1,0,0,1,1,1,0,2,0,1,2,1,0,1,1,1,1,2,1,1,1,1,2,0,1,1,1,1,0,1,0,1,1,1,2,1,1,0,0,1,1,1,2,0,0,1,1,0,2,0,0,1,0,1,0,0,1,1,1
46,Bred_0095,2,2,0,0,0,0,0,0,0,1,0,1,0,2,0,2,0,2,2,0,0,2,0,2,0,0,2,0,0,0,2,0,0,0,0,2,0,0,0,2,0,2,0,2,2,0,2,0,0,0,2,0,2,2,0,2,2,0,0,0,2,0,0,0,2,2,2,0,2,0,0,0,0,0,2,2,0,0,0,0,0,2,0,0,2,2,0,2,2,0,2,0,2,0,0,2,0,0,0,2,2,2,0,0,2,0,2,0,0,0,2,2,0,0,0,2,2,2,2,0,2,0,0,2,1,2,2,0,2,2,0,0,0,0,0,2,2,2,0,2,0,0,2,0,1,0,0,0,2,0,2,0,2,0,0,0,0,2,2,0,2,0,2,2,2,2,2,2,0,2,0,2,2,0,0,2,0,0,2,0,0,2,1,2,2,2,2,2,0,0
47,Bred_0099,1,1,0,1,1,0,1,2,2,2,2,1,1,1,0,1,2,1,0,1,1,1,1,2,2,1,1,1,1,1,1,1,1,1,0,1,1,1,0,1,1,0,1,0,1,1,0,1,0,0,1,1,1,2,1,0,2,1,1,1,0,1,1,2,0,0,2,1,1,1,2,1,1,1,0,1,1,1,1,1,1,0,1,1,1,0,1,1,1,1,0,1,2,1,1,0,1,0,1,1,0,0,1,1,2,1,1,0,1,1,1,0,1,1,1,0,2,1,1,2,2,1,1,2,1,1,1,2,2,2,1,2,1,1,2,2,0,1,1,1,1,0,1,1,1,0,1,2,2,0,1,2,1,1,0,2,1,1,1,0,1,1,1,1,1,0,1,1,0,1,1,1,0,1,2,2,0,1,1,2,1,1,1,1,1,1,1,1,1,1
48,Bred_0101,1,0,2,2,2,0,0,0,0,0,0,0,0,2,2,2,2,1,0,1,0,0,0,0,2,0,0,0,0,2,2,0,0,1,2,0,2,0,0,2,1,2,0,0,2,0,0,0,0,0,0,0,0,2,2,0,2,0,2,0,0,0,0,0,0,0,0,0,1,0,0,0,2,0,0,0,2,1,0,0,0,0,2,0,0,0,0,1,1,0,0,0,2,0,2,0,0,0,0,0,0,0,2,0,2,0,2,2,0,0,0,0,0,2,0,0,2,0,0,0,2,1,0,0,2,2,0,2,2,2,0,0,2,0,0,2,0,2,2,0,0,0,0,0,0,2,2,0,2,2,2,0,0,0,0,0,0,2,2,0,2,0,1,0,1,0,2,1,0,2,2,1,0,0,2,0,0,0,2,0,0,0,2,0,2,0,2,2,0,0
49,Bred_0103,0,2,2,2,0,0,0,1,0,0,1,1,0,1,1,2,1,0,1,1,1,2,1,1,1,1,1,1,0,1,1,0,1,1,1,0,1,1,0,1,1,1,0,0,1,1,0,1,0,0,0,0,1,0,1,1,1,2,2,1,0,1,0,1,0,0,1,1,1,1,0,1,2,1,0,1,1,1,2,0,1,1,2,1,1,0,1,0,0,1,2,1,2,1,2,1,0,0,1,1,0,0,2,2,2,0,0,1,0,1,2,2,0,2,1,0,2,0,0,0,0,1,2,1,1,1,0,1,2,1,1,1,1,0,1,2,0,2,2,2,2,1,0,2,1,1,0,0,2,1,0,1,0,1,2,1,0,1,1,1,1,2,1,0,0,0,2,1,0,2,2,0,0,1,1,1,0,2,1,2,1,0,1,1,0,2,1,0,2,1
50,Bred_0106,0,2,0,0,0,2,2,0,0,0,0,0,0,2,0,2,0,0,1,0,0,1,2,2,0,0,0,0,2,2,2,2,0,0,0,0,0,2,1,2,0,2,0,2,0,2,2,2,1,1,0,0,2,1,0,0,2,0,0,0,2,0,2,0,2,2,1,0,0,0,0,1,2,0,2,2,0,0,2,2,0,0,0,0,0,0,0,0,0,2,2,0,2,0,2,0,2,1,0,2,2,2,0,1,2,0,0,0,0,0,2,2,2,0,0,2,0,0,0,0,1,0,1,2,0,0,2,2,2,2,0,0,0,2,2,2,2,1,0,2,2,0,0,0,0,0,0,2,2,2,0,0,0,0,0,2,2,2,2,0,1,0,0,0,0,2,2,0,0,2,0,0,2,2,0,2,1,0,2,2,0,0,1,0,2,2,0,0,0,0
51,Bred_0107,2,1,2,2,2,0,0,0,0,0,0,0,0,2,2,2,2,2,0,0,0,1,0,0,2,0,0,0,0,2,2,0,0,0,2,2,2,0,0,2,0,2,0,0,2,0,0,0,0,0,0,0,0,2,2,0,2,0,2,0,0,0,0,0,0,0,0,0,2,0,0,0,2,0,0,0,2,0,0,0,0,0,2,0,0,0,0,2,2,0,0,0,2,0,2,0,0,0,0,0,0,0,2,0,2,0,2,2,0,0,1,0,0,2,0,0,2,2,0,0,2,0,0,0,2,2,0,2,2,2,0,0,2,0,0,2,0,2,2,0,0,0,0,0,0,2,2,0,2,2,2,0,0,0,0,0,0,2,2,0,2,0,2,2,2,0,2,2,0,2,2,2,0,0,2,0,0,0,2,0,0,0,2,0,2,0,2,2,0,0
52,Bred_0108,2,2,0,0,0,2,2,2,0,0,2,0,0,0,0,0,2,2,2,2,2,2,2,0,2,2,2,2,2,0,2,2,2,2,0,2,0,0,0,2,2,1,0,2,2,0,2,0,0,0,0,2,2,0,2,2,2,2,2,2,2,2,2,0,2,0,2,2,2,2,0,2,2,2,0,0,0,2,2,2,2,2,2,2,2,0,2,2,2,0,0,2,2,0,2,2,2,0,2,0,2,2,2,2,2,2,2,0,2,2,2,2,2,0,2,2,2,2,0,0,0,2,2,0,0,2,0,2,2,2,2,2,0,2,2,0,2,0,2,0,2,0,0,2,2,0,2,2,2,2,2,2,0,2,2,2,2,0,0,0,0,2,2,2,2,2,0,2,0,0,0,2,2,0,2,0,0,2,0,2,0,2,1,0,1,0,2,2,2,2
53,Bred_0109,2,0,0,2,2,2,2,2,2,2,2,2,0,0,0,0,2,2,2,0,0,2,2,0,0,0,2,0,0,0,2,0,0,2,0,2,0,2,2,2,2,0,0,2,0,2,0,2,2,2,2,0,2,2,0,0,2,0,0,2,0,0,2,2,0,0,0,0,2,0,2,2,0,0,2,2,2,0,2,0,0,0,0,0,0,0,0,2,2,2,2,0,2,0,2,0,2,2,0,0,0,0,0,2,2,0,2,0,0,0,0,1,0,2,0,0,0,2,2,2,2,2,2,0,2,2,2,2,2,0,2,0,2,0,0,0,0,2,0,0,2,2,0,0,2,0,0,0,2,2,2,2,2,0,0,0,2,0,0,0,0,0,2,2,2,0,0,2,0,2,2,2,0,2,2,0,2,0,0,0,2,2,2,0,2,2,2,0,0,0
54,Bred_0110,2,0,1,2,2,1,1,1,2,2,1,1,0,0,2,1,2,2,1,0,0,0,1,1,1,0,2,0,1,1,1,2,0,0,0,2,2,1,0,2,0,1,0,0,2,1,0,1,0,0,0,2,1,2,1,0,2,1,1,1,0,0,1,1,0,0,1,0,2,0,2,1,2,0,0,1,1,0,1,2,0,0,0,1,0,0,0,2,2,1,1,1,2,0,2,0,1,0,0,1,0,0,1,1,2,1,1,0,2,0,0,1,2,2,0,0,1,1,1,2,2,0,1,1,1,1,1,1,2,2,1,1,1,2,2,1,0,1,1,1,1,0,1,1,1,0,2,1,2,1,1,1,1,0,1,2,1,2,2,0,2,1,2,1,2,0,0,2,1,1,1,2,0,1,2,1,0,1,0,2,1,0,1,0,0,1,1,1,1,0
55,Bred_0112,0,0,0,2,2,2,2,0,0,0,2,0,1,2,0,0,2,0,0,0,0,0,0,2,0,0,0,0,2,2,2,2,1,2,0,0,2,0,0,2,2,0,1,0,2,0,0,0,0,1,2,2,2,2,0,1,0,0,0,0,0,0,2,2,0,0,2,0,0,0,0,0,0,0,2,1,0,0,2,2,0,1,0,0,2,0,0,0,0,0,2,0,2,2,0,1,2,0,0,0,0,0,0,0,2,1,0,2,2,0,0,2,2,2,0,0,2,0,0,0,2,2,0,2,0,0,2,0,2,2,0,0,0,2,2,2,0,2,0,2,2,0,2,0,0,0,0,2,2,0,0,0,2,1,0,1,0,0,0,2,1,0,0,0,0,0,0,0,0,2,0,0,0,0,2,2,0,2,2,1,0,2,1,0,2,2,1,0,2,1
56,Bred_0114,1,1,1,2,2,1,1,2,0,0,1,0,1,0,1,1,1,1,1,0,0,1,1,1,0,0,1,0,1,1,0,1,1,1,0,1,2,1,1,0,1,1,1,0,1,0,0,1,1,1,1,1,1,1,2,1,0,2,0,0,0,0,1,1,0,0,2,0,1,0,0,1,1,0,0,1,0,0,0,1,0,0,0,1,1,0,0,1,1,0,1,1,2,0,2,1,1,1,0,1,0,0,0,0,1,1,0,0,1,0,1,0,1,1,0,0,0,1,1,0,1,1,0,1,0,0,0,0,2,1,2,1,1,1,1,1,0,0,0,0,1,1,1,1,1,0,2,1,2,1,0,2,1,1,1,2,1,1,1,1,1,2,1,1,1,0,1,1,0,2,1,1,0,1,1,1,1,1,0,2,0,0,1,0,1,1,2,0,1,0
57,Bred_0115,0,0,2,0,0,0,0,0,2,2,0,0,0,0,0,0,1,0,0,0,0,0,0,0,2,0,0,2,2,2,0,2,1,2,0,0,0,2,0,0,2,0,0,2,2,0,2,2,0,0,0,2,0,0,2,0,2,0,2,1,2,0,0,2,2,0,2,0,0,0,2,0,2,0,0,0,0,2,2,2,0,2,2,2,2,2,0,0,0,0,0,2,2,0,2,2,0,0,0,2,2,2,2,1,1,2,2,0,2,0,0,0,2,0,2,2,2,0,0,2,0,2,1,0,1,2,2,2,2,2,0,2,2,2,2,2,2,0,2,0,2,2,2,2,0,0,2,2,2,2,2,0,2,1,2,2,0,0,0,0,0,0,0,0,0,2,2,0,2,2,2,0,2,2,1,0,0,2,0,2,0,2,2,2,2,2,0,0,2,0
58,Bred_0116,1,1,2,1,2,1,1,1,1,1,1,0,0,0,0,1,1,1,1,0,0,1,1,0,1,0,1,1,1,1,0,1,2,2,0,1,1,2,1,0,2,0,0,1,1,0,1,2,1,1,0,1,1,1,2,1,1,1,1,1,1,0,1,2,1,0,2,0,1,0,0,1,1,0,0,0,0,1,1,1,0,1,1,1,1,1,0,1,1,0,1,1,2,1,2,1,1,1,0,1,1,1,1,1,1,1,1,0,1,0,1,0,1,1,1,1,1,1,1,1,1,2,1,0,0,1,1,1,2,2,1,1,1,1,1,1,1,0,1,0,2,1,1,2,1,0,2,1,2,1,1,1,1,2,2,2,1,1,1,0,0,1,1,1,1,1,1,1,1,2,1,1,1,2,1,0,1,2,0,2,0,1,1,1,1,1,1,0,2,0
59,Bred_0117,1,2,0,1,1,0,0,1,2,2,1,0,1,2,0,2,1,1,1,2,2,2,1,2,1,2,1,2,0,1,0,1,1,2,0,0,2,2,0,1,1,0,1,1,1,0,0,1,0,0,0,0,0,1,2,0,2,0,2,2,0,2,1,1,0,0,2,2,0,1,1,1,0,1,0,1,0,2,1,0,2,1,1,1,2,0,2,1,1,0,0,1,2,1,0,1,0,0,1,2,0,1,1,2,1,1,2,0,1,1,2,0,1,1,2,0,1,2,2,2,1,1,2,1,0,1,2,2,1,2,2,1,0,1,1,2,1,1,1,1,1,0,1,0,2,0,1,1,1,1,1,1,1,1,0,2,0,1,1,1,1,0,0,1,1,0,1,0,1,1,2,1,0,1,2,2,0,0,1,2,0,2,1,2,1,2,1,1,1,1
60,Bred_0118,0,0,2,0,0,0,0,0,1,2,0,0,2,0,0,0,0,0,0,0,0,0,0,0,2,0,0,2,2,2,0,2,2,2,0,0,2,2,0,0,2,0,2,2,2,0,2,2,0,0,1,2,0,0,2,0,2,0,2,0,2,0,0,2,2,0,2,0,0,0,0,0,2,0,0,0,0,2,2,2,0,2,2,2,2,2,0,0,0,0,0,2,2,0,0,2,0,0,0,2,2,2,2,0,1,2,2,0,2,0,0,0,2,0,2,2,2,0,0,1,0,2,0,0,0,2,2,2,2,2,0,2,2,2,2,2,2,0,2,0,2,2,1,2,0,0,2,2,2,2,2,0,1,2,2,2,0,0,0,0,0,0,0,0,0,2,2,0,2,2,2,0,2,2,0,0,0,2,0,2,0,2,2,2,2,2,0,0,2,0
61,Bred_0119,2,2,0,0,2,0,0,2,2,2,2,0,2,0,2,0,2,2,0,2,0,2,2,0,1,2,2,2,2,0,2,2,2,0,2,2,0,0,0,2,0,1,2,0,0,0,0,0,0,0,1,2,0,0,2,0,2,0,1,2,0,0,0,2,0,0,0,1,2,0,2,0,2,0,2,2,0,2,2,2,0,0,0,2,0,2,0,2,2,0,0,2,2,2,2,0,0,0,0,0,0,0,1,2,2,2,2,2,2,0,2,2,2,0,2,0,1,2,0,2,0,0,2,0,0,1,0,2,1,0,2,2,0,2,2,0,0,0,0,0,2,0,2,0,2,2,0,2,2,0,1,2,2,2,0,1,2,2,2,2,2,0,2,2,2,0,0,2,0,1,0,2,0,2,2,0,0,0,0,2,0,0,1,0,0,0,2,1,0,0
62,Bred_0120,2,2,0,1,2,0,0,1,1,1,2,1,0,0,1,1,1,2,1,2,1,2,2,2,2,2,2,2,2,1,2,2,2,0,1,2,1,0,0,1,0,0,0,0,1,0,0,0,1,1,2,2,0,0,0,0,1,0,2,1,0,1,0,2,0,0,2,2,2,1,1,1,0,1,2,2,1,2,0,2,1,2,2,2,1,0,1,2,2,0,0,2,2,2,1,0,0,1,1,0,0,0,2,1,2,2,1,1,2,1,2,0,2,0,2,0,2,1,1,1,1,0,1,2,0,2,0,2,1,1,2,2,0,2,0,2,0,1,2,0,0,2,2,0,1,1,1,2,2,1,0,1,2,2,0,2,2,0,0,1,0,0,2,1,2,0,0,2,0,0,0,2,0,1,1,2,1,0,0,2,1,2,1,1,0,2,2,1,0,1
63,Bred_0121,2,2,0,0,2,0,0,2,2,2,2,0,2,0,2,0,2,2,0,2,0,2,2,0,1,2,2,2,2,0,2,2,2,0,2,2,0,0,0,2,0,0,2,0,0,0,0,0,0,0,2,2,0,0,2,0,2,0,1,2,0,0,0,2,0,0,0,1,2,0,2,0,2,0,2,2,0,2,2,2,0,0,0,2,0,0,0,2,2,0,0,2,2,2,2,0,0,0,0,0,0,0,1,2,2,2,2,2,2,0,2,2,2,0,2,0,2,2,0,2,0,0,2,0,0,2,0,2,2,0,2,2,0,2,2,0,0,0,0,0,2,0,2,0,2,2,0,2,2,0,1,2,2,2,0,0,2,2,2,2,2,0,2,2,2,0,0,2,0,0,0,2,0,2,2,0,0,0,0,2,0,0,1,0,0,0,2,2,0,0
64,Bred_0123,2,2,0,0,0,0,0,2,0,0,0,0,2,0,0,0,0,2,2,0,2,2,0,2,2,0,2,0,1,0,2,1,0,0,2,2,0,2,0,0,0,0,2,0,2,0,0,2,0,0,2,0,0,2,0,2,0,0,2,0,0,2,0,2,0,2,2,2,2,2,0,0,2,2,2,1,0,0,2,1,2,0,2,2,2,2,2,2,2,0,0,2,2,0,2,0,0,0,2,2,0,0,2,0,1,2,0,2,0,2,2,0,1,0,0,0,2,2,2,0,2,0,0,2,0,0,2,0,2,2,2,2,2,1,2,2,0,2,2,0,2,0,2,0,2,2,2,2,2,0,0,2,2,0,0,2,0,2,2,0,2,0,2,2,2,0,2,2,0,1,2,2,0,2,0,2,0,0,0,2,0,0,2,2,0,2,2,1,0,2
65,Bred_0125,2,2,0,0,2,0,0,2,2,2,2,0,2,0,2,0,2,2,0,2,0,2,2,0,1,2,2,2,2,0,2,2,2,0,2,2,0,0,0,2,0,1,2,0,0,0,0,0,0,0,1,2,0,0,2,0,2,0,1,2,0,0,0,2,0,0,0,1,2,0,2,0,2,0,2,2,0,2,2,2,0,0,0,2,0,2,0,2,2,0,0,2,2,2,2,0,0,0,0,0,0,0,1,2,2,2,2,2,2,0,2,2,2,0,2,0,2,2,0,2,0,0,2,0,0,1,0,2,1,0,2,2,0,2,2,0,0,0,0,0,2,0,2,0,2,2,0,2,2,0,0,2,2,2,0,0,2,2,2,2,2,0,2,2,2,0,0,2,0,1,0,2,0,2,2,0,0,0,0,2,0,0,1,0,0,0,2,1,0,0
66,Bred_0126,0,1,0,0,0,0,0,0,0,1,0,0,2,2,0,0,0,0,0,0,0,1,2,1,0,0,0,2,0,2,1,0,2,0,2,0,0,2,2,0,0,2,2,1,0,0,0,2,2,2,2,2,0,1,2,0,0,0,0,2,0,0,0,1,1,2,2,0,0,0,0,2,1,1,1,0,2,2,0,0,0,0,0,0,2,2,1,0,0,0,2,0,2,1,2,0,0,0,0,0,0,0,0,0,1,0,0,2,2,0,1,2,2,0,2,0,2,0,1,0,2,0,0,1,2,2,2,2,2,0,0,0,0,2,2,1,0,2,0,2,0,0,2,0,0,2,0,0,2,1,0,0,2,2,0,0,2,1,0,2,0,0,0,0,0,0,0,0,1,2,0,0,0,2,0,1,2,0,2,0,0,2,1,2,0,1,2,2,0,0
67,Bred_0129,0,2,2,2,2,0,0,0,2,2,0,0,0,0,2,2,0,2,0,0,0,2,2,0,2,2,0,0,2,0,2,2,0,2,2,2,2,0,0,2,2,2,0,0,2,0,0,0,0,0,2,1,0,0,2,2,0,0,2,0,0,0,0,0,0,0,0,0,0,0,2,0,0,0,2,0,0,1,2,2,0,0,2,0,0,0,0,2,2,0,0,0,2,0,0,0,0,0,0,0,0,0,2,0,2,2,0,2,1,0,2,0,1,2,0,0,2,2,0,2,0,2,0,0,0,0,0,0,1,2,0,0,0,2,0,0,0,0,2,0,2,0,2,0,2,2,0,1,2,0,0,0,2,0,0,2,2,2,2,2,2,0,0,2,0,0,0,0,2,2,0,0,0,0,0,0,0,0,0,1,0,0,1,0,2,0,2,0,0,0
68,Bred_0130,2,2,0,0,2,0,0,2,2,2,2,0,2,0,2,0,2,2,0,2,0,2,2,0,1,2,2,2,2,0,2,2,2,0,2,2,0,0,0,2,0,0,2,0,0,0,0,0,0,0,1,2,0,0,2,0,2,0,1,2,0,0,0,2,0,0,0,1,2,0,2,0,2,0,2,2,0,2,2,2,0,0,0,2,0,0,0,2,2,0,0,2,2,2,2,0,0,0,0,0,0,0,1,2,2,2,2,2,2,0,2,2,2,0,2,0,2,2,0,2,0,0,2,0,0,2,0,2,2,0,2,2,0,2,2,0,0,0,0,0,2,0,2,0,2,2,0,2,2,0,1,2,2,2,0,0,2,2,2,2,2,0,2,2,2,0,0,2,0,0,0,2,0,2,2,0,0,0,0,2,0,0,1,0,0,0,2,2,0,0
69,Bred_0131,0,2,2,2,2,0,0,0,2,2,2,0,2,1,2,0,0,0,2,0,2,2,2,0,1,0,0,0,2,2,0,2,0,0,2,0,2,0,2,0,0,0,2,2,0,0,2,0,2,2,2,0,0,0,2,2,1,0,1,0,2,2,0,0,0,2,0,2,0,2,2,2,2,2,0,2,0,1,0,2,2,0,1,2,0,2,2,0,0,0,2,2,2,2,2,0,0,2,2,1,2,2,1,0,1,2,0,2,0,2,2,2,2,2,0,2,0,0,0,2,0,0,0,0,0,0,0,2,2,0,0,2,2,2,0,0,2,0,1,2,0,2,2,0,0,2,2,2,2,2,0,0,2,0,0,0,2,2,2,0,2,0,0,0,0,2,1,0,2,1,0,0,2,0,0,0,2,0,1,2,0,0,2,2,0,0,2,2,0,2
70,Bred_0132,0,0,2,2,2,2,2,0,2,2,0,2,0,0,1,2,2,0,2,2,0,0,2,2,0,2,0,0,0,2,2,0,0,2,0,0,1,2,2,2,2,2,1,2,0,1,2,2,2,2,2,0,2,0,0,1,2,0,0,2,2,0,2,2,2,2,2,0,0,0,0,2,0,0,0,2,0,0,0,0,0,0,0,2,2,2,0,0,0,2,0,2,2,0,1,0,2,2,0,2,2,2,0,2,2,1,2,0,0,0,0,0,2,2,0,2,2,0,2,1,0,2,2,2,0,2,2,2,2,2,0,2,2,2,2,2,2,1,0,0,0,2,2,1,0,2,1,1,2,2,2,0,2,0,0,2,2,0,0,0,0,0,0,0,0,2,2,0,2,0,0,0,2,2,2,0,2,0,0,2,2,2,2,2,2,2,2,2,0,0
71,Bred_0133,0,0,2,2,1,2,2,0,2,2,0,2,0,0,2,1,2,0,2,2,0,0,2,2,0,2,0,0,2,2,2,1,0,2,0,0,2,2,2,2,2,2,0,2,0,2,2,2,2,2,2,1,2,0,0,0,2,0,0,2,2,0,2,2,2,2,2,0,0,0,0,2,1,0,0,2,0,0,0,1,0,0,0,0,2,2,0,0,0,2,0,0,2,0,1,0,2,2,0,2,2,2,0,2,2,0,2,0,1,0,0,0,2,2,0,2,2,0,2,2,0,2,2,2,0,2,2,2,2,2,0,0,2,2,2,2,2,0,0,0,0,2,2,0,0,2,1,1,2,2,2,0,2,0,0,2,2,0,0,0,0,0,0,0,0,2,2,0,2,0,0,0,1,2,2,0,2,0,0,1,2,2,1,2,2,2,2,2,0,0
72,Bred_0137,0,0,2,2,2,2,2,0,2,2,0,2,0,0,2,1,2,0,2,2,0,0,2,2,0,2,0,0,1,2,2,1,0,2,0,0,2,2,2,2,2,2,0,2,2,2,2,2,2,2,2,1,2,0,0,0,2,0,0,2,2,0,2,2,2,2,2,0,0,0,0,2,0,0,0,2,0,0,0,1,0,0,0,2,2,2,0,0,0,2,0,2,2,0,0,0,2,2,0,2,2,2,0,2,2,0,2,0,1,0,0,0,2,2,0,2,2,0,2,2,0,2,2,2,0,2,2,2,2,2,0,2,2,2,2,2,2,0,0,0,0,2,2,0,0,0,0,2,2,2,2,0,2,0,0,2,2,0,0,0,0,0,0,0,0,2,2,0,2,0,0,0,2,2,2,0,2,0,0,2,2,2,2,2,2,2,2,2,0,0
73,Bred_0138,2,2,2,2,2,0,0,2,0,0,2,0,0,2,2,2,2,2,0,2,2,2,2,2,2,2,2,2,0,0,0,0,2,2,0,2,2,2,0,0,2,2,0,2,0,0,2,2,0,0,0,0,0,2,0,2,2,0,2,2,2,2,0,2,2,2,2,2,2,2,0,2,2,1,2,0,0,2,0,0,2,0,2,0,2,2,1,2,2,0,0,0,2,2,2,0,0,0,2,1,2,2,2,2,1,0,2,0,0,2,2,0,0,2,2,1,2,2,2,0,2,2,2,2,0,2,2,2,2,0,2,0,0,0,2,2,2,2,2,0,0,0,0,0,2,0,2,2,2,2,2,2,0,2,0,2,2,2,2,0,2,0,0,2,2,2,0,0,0,0,2,2,2,0,2,2,0,2,2,2,0,0,1,2,2,2,0,2,2,2
74,Bred_0141,1,0,2,2,2,2,2,0,0,0,0,2,0,2,1,2,2,0,0,2,0,0,2,2,2,2,0,2,2,0,2,2,2,2,2,0,0,0,0,2,2,2,0,0,2,2,2,0,0,0,2,2,2,0,0,2,0,0,2,2,0,0,2,2,0,0,2,0,1,0,0,0,2,0,0,1,2,2,2,2,0,0,2,2,2,0,0,0,0,2,0,2,2,0,2,0,2,0,0,0,2,2,2,2,2,2,0,2,2,0,0,0,2,2,2,2,0,2,0,0,0,2,2,2,2,0,0,0,2,1,0,2,2,2,2,2,2,1,2,0,0,2,2,0,2,2,0,2,2,0,0,0,2,2,0,2,2,2,2,2,2,0,0,2,1,0,0,0,0,0,2,1,2,0,2,2,0,0,2,0,2,0,2,2,0,2,2,2,0,0
75,Bred_0144,0,0,2,2,2,2,2,0,0,0,0,2,0,2,2,2,2,0,0,2,0,0,2,2,1,2,0,2,2,0,2,2,2,2,2,0,0,0,0,2,2,2,0,2,2,2,2,0,0,0,2,2,2,0,0,2,0,0,1,2,2,0,2,2,1,0,2,0,0,0,0,0,2,0,0,1,2,2,2,2,0,0,2,2,2,0,0,0,0,2,0,2,2,0,2,0,2,0,0,0,2,2,1,2,2,2,0,2,2,0,0,0,2,2,2,2,0,2,0,0,0,2,2,2,2,0,0,0,2,2,0,2,2,2,1,2,2,0,2,0,0,2,2,0,2,2,0,2,2,0,0,0,2,2,0,1,2,2,2,2,2,0,0,2,0,2,0,0,0,0,2,0,2,0,2,2,0,0,2,0,2,0,2,2,0,2,2,2,0,0
76,Bred_0146,1,0,2,2,2,2,2,0,0,0,0,2,0,2,1,2,2,0,0,2,1,0,2,2,2,2,0,2,2,0,2,2,2,2,2,0,0,0,0,2,2,2,0,0,2,2,2,0,0,0,2,2,2,0,0,2,0,0,2,2,1,1,2,2,0,0,2,1,1,1,0,0,2,0,0,1,2,2,1,2,1,0,2,2,2,0,0,0,0,2,0,2,2,0,2,0,2,0,1,0,2,2,2,2,2,2,1,2,2,1,0,0,2,2,2,2,0,2,0,0,0,2,2,2,2,0,0,0,2,0,0,2,2,2,0,2,2,2,2,1,0,2,2,0,2,2,0,2,2,0,0,0,2,2,0,2,2,2,2,2,2,0,0,2,1,1,0,0,0,0,2,1,2,0,2,2,0,0,2,0,2,0,2,2,0,2,2,2,0,1
77,Bred_0148,2,2,0,0,0,2,2,2,2,2,2,2,2,2,1,0,0,2,0,2,0,2,0,2,0,2,2,2,2,0,2,2,2,0,2,2,0,1,0,2,0,0,2,0,0,2,0,2,0,0,0,2,2,2,1,2,2,0,0,0,0,0,2,2,0,2,2,0,0,0,2,0,0,0,0,2,2,2,2,2,0,0,0,0,2,2,0,2,2,2,0,2,2,2,0,0,2,0,0,2,0,0,0,0,2,2,2,2,2,0,2,0,2,0,2,0,2,2,2,2,2,0,0,2,2,2,2,2,2,0,2,2,2,2,2,2,0,2,0,0,2,2,1,0,2,2,2,0,2,2,2,2,0,2,0,0,0,0,0,2,0,0,0,2,2,0,2,0,2,2,2,2,0,2,0,2,0,0,2,2,2,2,2,2,2,2,2,0,0,0
78,Bred_0149,0,2,2,2,2,0,0,2,2,2,2,2,2,0,0,2,2,0,2,0,2,2,2,0,0,0,1,0,2,2,2,2,0,2,0,0,2,2,2,2,2,0,2,2,2,0,2,2,2,2,2,2,2,2,0,0,1,2,0,0,2,2,0,0,2,0,2,0,0,2,2,2,2,0,2,2,2,0,2,2,2,2,2,2,0,0,2,0,0,0,2,2,2,2,2,2,0,2,0,2,2,2,0,2,2,2,2,0,2,2,2,2,2,2,0,2,2,0,2,2,2,2,2,0,2,2,2,2,2,0,2,2,0,2,2,0,2,0,0,2,2,0,0,2,0,0,2,2,2,2,2,2,0,0,2,2,2,2,2,2,2,2,0,0,0,2,2,2,2,0,1,0,2,2,2,0,2,2,0,2,2,2,1,0,0,2,2,2,2,0
79,Bred_0152,2,2,2,2,2,0,0,2,0,2,0,0,2,0,0,2,2,2,2,2,0,2,0,2,2,2,2,2,0,0,0,0,2,0,2,2,0,2,2,0,0,2,2,0,0,0,0,2,2,2,2,2,0,2,0,2,0,2,2,2,0,0,0,0,0,0,2,0,2,0,0,2,0,0,2,2,0,2,2,0,0,2,2,0,2,0,0,1,2,0,2,0,2,0,1,2,0,2,0,1,0,0,2,2,1,0,0,2,2,0,2,2,0,2,2,0,2,2,0,0,2,0,2,2,1,2,0,2,2,2,2,0,0,0,0,2,0,2,2,2,2,2,2,2,2,2,0,0,2,2,0,2,2,2,2,2,0,2,2,2,2,2,2,2,2,0,0,2,2,0,2,2,0,2,2,2,2,2,0,0,0,2,1,2,0,2,2,2,2,0
80,Bred_0159,2,2,0,0,0,2,2,2,2,2,2,2,2,2,2,0,0,2,0,2,0,2,0,2,0,2,2,2,2,0,2,2,2,0,2,2,0,2,0,2,0,0,2,0,0,2,0,2,0,0,0,2,2,2,2,2,2,0,0,0,0,0,2,2,0,2,2,0,0,0,2,0,0,0,0,2,2,2,2,2,0,0,0,0,2,2,0,2,2,2,0,1,2,2,0,0,2,0,0,2,0,0,0,0,2,2,2,2,2,0,2,0,2,0,2,0,2,2,2,2,2,0,0,2,2,2,2,2,2,0,2,1,2,2,2,2,0,2,0,0,1,2,0,0,2,2,2,0,2,2,2,2,0,2,0,0,0,0,0,2,0,0,0,2,2,0,2,0,2,2,2,2,0,2,0,2,0,0,2,2,2,2,2,2,2,2,2,0,0,0
81,Bred_0162,0,0,2,2,2,2,2,0,2,2,0,2,0,0,2,2,2,0,2,2,0,0,2,2,0,2,0,0,1,2,2,1,0,1,0,0,1,2,2,2,2,2,0,2,1,2,2,2,2,2,2,1,2,0,0,0,2,0,0,2,2,0,2,2,2,2,2,0,0,0,0,2,1,0,0,2,0,0,0,1,0,0,0,1,2,2,0,0,0,2,0,1,2,0,1,0,2,2,0,2,2,2,0,2,2,0,2,0,1,0,0,0,2,2,0,2,2,0,2,2,0,2,2,2,0,2,2,2,2,2,0,1,2,2,2,2,2,0,0,0,0,2,2,0,0,0,2,1,2,2,2,0,2,0,0,2,2,0,0,0,0,0,0,0,0,2,2,0,2,0,0,0,2,2,2,0,2,0,0,1,2,2,2,2,2,2,2,2,0,0
82,Bred_0165,2,0,2,0,0,0,0,0,2,0,0,2,0,0,0,1,0,2,0,2,2,0,0,0,0,2,0,0,2,0,2,2,0,2,0,2,2,2,0,0,2,0,0,0,0,0,0,2,0,0,2,2,0,0,0,2,2,0,0,0,0,2,0,2,0,0,0,2,2,2,2,0,2,2,0,2,2,2,2,2,2,0,0,0,2,0,2,2,2,0,2,0,2,0,2,1,0,0,2,2,0,0,0,0,1,2,1,0,2,2,0,2,2,2,0,0,2,2,0,2,0,2,0,0,0,2,0,1,2,1,0,0,0,2,0,0,0,1,0,2,2,2,2,1,2,0,0,0,2,2,1,0,2,0,1,1,0,2,2,1,2,0,2,2,2,0,0,2,2,0,0,2,0,2,0,0,0,1,0,0,2,1,1,2,1,0,2,2,1,2
83,Bred_0169,1,0,2,1,1,1,1,0,2,1,0,2,0,0,1,1,1,1,1,2,1,0,1,1,0,2,0,0,1,1,2,1,0,2,0,1,2,2,0,1,2,1,0,1,1,1,1,2,1,1,2,2,1,0,0,1,2,0,0,1,1,1,1,2,1,1,1,1,1,1,1,1,1,1,0,2,1,1,2,2,1,0,0,0,2,1,1,1,1,0,1,1,2,0,1,0,1,1,1,2,1,1,0,1,1,1,1,0,1,1,0,1,2,2,0,1,2,1,1,2,0,2,1,1,0,2,0,1,2,1,0,1,1,2,1,1,1,1,0,1,1,2,2,0,1,0,1,1,2,2,1,0,2,0,0,1,1,1,1,1,1,0,1,1,1,1,1,1,2,0,0,1,1,2,1,0,1,1,0,1,2,1,1,2,1,1,2,2,1,1
84,Bred_0170,2,0,0,2,2,2,2,2,2,2,2,2,0,0,0,0,2,2,2,0,0,2,2,0,0,0,2,0,0,0,2,0,0,2,0,2,0,2,2,2,2,0,0,2,0,2,0,2,2,2,2,0,2,2,0,0,2,0,0,2,0,0,2,2,0,0,0,1,2,0,2,2,0,0,2,2,2,0,2,0,0,0,0,0,0,0,0,2,2,2,2,0,2,0,2,0,2,2,0,0,0,0,0,2,2,0,2,0,0,0,0,1,0,2,0,0,0,2,2,2,2,2,2,0,2,2,2,2,2,0,2,0,2,0,0,0,0,2,0,0,2,2,0,0,2,0,0,0,2,2,2,2,2,0,0,0,2,0,0,0,0,0,2,2,2,0,0,2,0,2,2,2,0,2,2,0,2,0,0,0,2,2,2,0,2,2,2,0,0,1
85,Bred_0171,2,0,0,2,2,2,2,2,2,1,2,2,0,0,0,0,2,2,2,0,0,2,2,0,0,0,2,0,0,0,1,0,0,2,0,2,0,2,2,2,2,0,0,2,0,2,0,2,2,2,2,1,2,2,0,0,2,0,0,2,0,1,2,2,0,1,0,0,2,0,2,2,0,1,2,2,2,0,2,0,0,0,0,0,0,2,1,2,2,2,2,0,2,0,2,0,2,2,0,0,0,0,0,2,2,0,2,0,0,0,0,2,0,2,0,0,0,2,2,2,2,2,2,0,2,2,2,2,2,0,2,0,2,0,0,0,0,2,0,1,2,2,1,0,2,0,0,0,1,2,2,2,2,0,0,0,2,0,0,0,0,0,2,2,2,0,0,2,0,2,2,2,0,2,2,0,2,0,0,0,2,2,2,0,2,0,2,0,0,0
86,Bred_0173,0,0,0,0,0,0,0,1,0,0,2,0,0,0,2,0,0,0,2,0,0,0,0,0,2,0,2,0,0,2,2,0,0,0,0,0,2,0,2,0,0,2,0,0,2,0,0,0,0,0,0,0,0,0,2,0,2,2,2,0,0,0,0,0,0,0,2,0,0,0,0,0,0,0,0,2,0,0,2,0,0,2,2,0,2,0,0,0,0,0,2,0,2,1,0,2,0,2,0,2,0,0,2,0,2,0,2,0,0,0,0,2,0,0,0,0,2,0,0,0,0,0,0,0,0,2,0,2,2,0,2,0,0,0,0,0,0,0,2,2,2,0,0,2,0,2,2,0,2,2,2,2,0,0,2,2,0,2,2,0,2,2,0,0,0,0,2,0,0,0,0,0,0,2,0,0,2,2,0,0,0,0,1,0,0,0,2,2,2,0
87,Bred_0175,0,0,0,1,1,0,0,2,0,0,0,0,1,1,2,0,0,1,2,0,0,0,0,0,2,0,2,2,0,2,2,1,1,0,0,0,2,0,2,0,0,2,1,1,2,0,0,0,0,0,0,0,0,0,2,1,2,2,2,0,1,0,0,0,1,0,1,0,0,0,0,1,1,0,0,2,0,2,2,0,0,2,2,0,2,0,0,0,1,0,2,0,2,0,0,2,0,2,0,2,0,1,2,0,2,1,2,0,0,0,0,2,0,0,1,0,2,0,0,0,0,0,0,0,0,1,0,2,2,1,2,0,0,0,0,0,1,0,2,1,2,0,1,2,0,1,2,0,2,1,2,1,1,2,2,2,0,2,2,0,2,2,0,1,1,0,2,0,0,0,1,0,0,2,0,0,2,2,1,1,0,0,1,0,0,0,1,2,2,0
88,Bred_0177,0,0,1,0,0,0,0,2,0,0,1,0,0,0,2,0,0,0,2,0,0,0,0,0,2,0,2,1,0,2,2,0,1,0,0,0,2,0,2,0,0,2,0,0,2,0,0,0,0,0,0,0,0,0,2,1,2,2,2,0,0,0,0,0,0,0,2,0,0,0,0,0,0,0,0,1,0,1,2,0,0,2,2,0,2,0,0,0,0,0,2,0,2,0,0,2,0,2,0,2,0,0,2,0,2,0,2,0,0,0,0,2,0,0,1,0,2,0,0,0,0,0,0,0,0,2,0,2,2,2,2,0,0,0,0,0,0,0,2,2,2,0,0,2,0,1,2,0,2,2,2,2,0,1,2,1,0,2,2,0,2,2,0,0,0,0,2,0,0,0,0,0,0,2,0,0,2,2,0,0,0,0,1,0,0,0,1,2,2,0
89,Bred_0178,1,2,0,0,0,1,1,0,2,2,0,0,0,0,2,2,0,0,0,2,2,2,0,2,2,2,0,0,2,2,0,2,0,2,2,0,0,0,2,0,2,2,0,0,0,1,0,0,2,2,0,2,1,0,2,0,0,0,2,0,0,2,1,0,0,0,2,2,1,2,2,2,0,2,2,2,0,0,2,2,2,1,2,2,0,0,2,0,0,1,0,2,2,0,0,0,1,2,2,0,0,0,2,0,1,2,0,2,2,2,2,0,2,0,0,0,2,0,0,2,0,2,0,2,1,0,0,0,2,2,0,2,2,2,0,0,0,0,2,0,0,0,0,0,0,2,0,0,2,0,0,1,0,0,0,2,0,0,0,2,0,0,0,0,1,0,0,1,2,0,0,1,0,0,0,2,2,0,0,0,2,2,2,0,0,1,0,2,0,2
90,Bred_0179,2,0,2,2,2,1,2,0,0,0,0,1,2,2,0,2,2,2,2,2,1,0,2,0,1,2,0,2,0,0,2,0,2,2,0,2,2,2,2,2,2,0,2,2,2,2,2,1,2,2,2,0,2,1,0,2,2,0,1,2,2,0,1,2,2,2,0,1,2,0,0,2,2,1,0,2,0,2,2,0,0,1,0,0,0,1,0,2,2,2,2,0,2,0,2,1,2,2,1,0,2,2,1,2,2,0,0,0,0,0,0,2,0,2,2,2,2,2,1,0,1,2,2,0,0,2,2,2,2,2,0,0,2,0,2,0,2,2,0,2,2,1,1,0,2,0,2,1,2,2,0,0,2,2,0,2,2,2,2,2,2,0,2,2,2,2,0,2,0,1,1,2,2,2,2,0,2,0,2,2,2,0,2,0,0,0,2,0,0,1
91,Bred_0180,1,0,2,1,1,1,1,0,1,1,0,0,1,1,0,1,1,1,1,1,0,0,1,0,1,1,0,1,1,1,1,1,1,2,0,1,1,2,1,1,2,0,1,2,2,1,2,2,1,1,1,1,1,1,1,1,2,0,1,1,2,0,1,2,2,1,1,0,1,0,0,1,2,0,0,1,0,2,2,1,0,1,1,1,1,2,0,1,1,1,1,1,2,0,2,1,1,1,0,1,2,2,1,1,2,1,1,0,1,0,0,1,1,1,1,2,2,1,1,1,1,2,1,0,0,2,2,2,2,2,0,1,2,1,2,1,2,1,1,1,2,1,1,1,1,0,2,2,2,2,1,0,1,1,1,2,1,1,1,1,1,0,1,1,1,2,1,1,1,2,1,1,2,2,1,0,1,1,1,2,1,1,2,1,1,1,1,0,1,0
92,Bred_0185,2,1,2,2,2,2,2,0,2,2,0,1,1,2,0,2,0,2,2,0,0,1,2,1,0,0,0,0,2,0,0,2,0,0,2,2,0,0,2,0,1,0,1,1,2,2,1,0,2,2,1,2,0,1,1,2,2,0,0,0,1,0,2,0,1,1,0,0,2,0,2,2,1,0,0,1,1,0,2,2,0,1,0,2,0,1,0,2,2,2,2,2,2,0,0,1,2,2,0,2,1,1,0,0,1,2,2,2,2,0,1,2,2,2,0,1,2,2,1,2,1,1,0,1,0,2,0,2,2,2,0,2,2,2,1,0,1,1,0,2,2,2,0,0,2,2,0,2,2,2,2,0,0,0,0,2,2,1,0,2,0,0,0,2,2,1,1,0,0,2,2,2,1,2,0,2,2,0,2,2,1,0,2,0,0,0,2,0,0,1
93,Bred_0187,2,2,0,0,2,0,0,2,2,2,2,0,2,0,2,0,2,2,0,2,0,2,2,0,0,2,2,2,2,0,2,2,2,0,2,2,0,0,0,2,0,0,2,0,0,0,0,0,0,0,2,2,0,0,2,0,2,0,0,2,0,0,0,2,0,0,0,0,2,0,2,0,2,0,2,2,0,2,2,2,0,0,0,2,0,0,0,2,2,0,0,2,2,2,2,1,0,0,0,0,0,0,0,2,2,2,2,2,2,0,2,2,2,0,2,0,1,2,0,2,0,0,2,0,0,1,0,0,1,0,2,2,0,2,2,0,1,0,0,0,2,0,2,0,2,2,0,2,2,0,1,2,2,2,0,0,2,2,2,2,2,0,2,2,2,0,0,2,0,1,0,2,0,2,2,0,0,0,0,2,0,1,1,0,0,0,2,2,0,0
94,Bred_0188,2,2,0,0,2,0,0,2,2,2,2,0,2,0,2,0,2,2,0,2,0,2,2,0,0,2,2,2,2,0,2,2,2,0,2,2,0,0,0,2,0,1,2,0,0,0,0,0,0,0,1,2,0,0,2,0,2,0,0,2,0,0,0,2,0,0,0,0,2,0,2,0,2,0,2,2,0,2,2,2,0,0,0,2,0,2,0,2,2,0,0,2,2,2,2,0,0,1,0,0,0,0,0,2,2,2,2,2,2,0,2,2,2,0,2,0,2,2,0,2,0,0,2,0,1,1,0,1,1,0,2,2,0,2,2,0,0,1,0,0,2,0,2,0,2,2,0,2,2,0,1,2,2,2,0,0,2,2,2,2,2,0,2,2,2,0,0,2,0,1,0,2,0,2,2,0,0,0,0,2,0,0,1,0,0,0,2,1,0,1
95,Bred_0191,2,0,0,0,0,0,0,2,2,2,2,0,2,0,2,0,2,2,2,0,2,2,2,0,0,0,2,0,0,0,2,0,0,0,2,2,2,0,1,2,0,0,2,2,0,0,2,0,2,2,0,0,0,0,0,1,0,2,0,2,2,2,0,2,2,0,0,0,2,2,2,2,0,1,0,2,0,0,0,0,2,0,0,0,0,0,2,2,2,0,2,0,2,2,0,0,0,2,0,2,2,2,0,2,2,0,2,2,0,2,0,2,0,0,0,2,0,2,0,2,0,0,2,0,0,2,0,2,2,0,2,0,0,0,0,2,2,0,0,2,0,0,2,2,2,2,2,0,2,2,2,2,2,0,2,0,2,0,0,2,0,2,2,2,2,2,2,0,0,2,0,2,2,2,2,0,2,0,0,0,0,0,1,0,2,0,2,0,0,0
96,Bred_0193,0,2,2,2,2,1,1,0,0,0,0,0,2,2,2,2,0,0,2,0,0,2,2,2,2,0,0,0,0,2,0,1,0,0,2,0,1,0,2,0,0,0,2,2,2,1,2,0,2,2,0,2,1,0,2,0,0,2,2,2,2,0,1,0,2,2,2,2,0,0,0,2,2,0,2,0,0,0,2,1,0,2,2,2,2,2,0,0,0,1,0,2,2,0,2,2,2,2,0,0,2,2,2,0,1,1,0,2,2,0,2,0,2,2,0,2,0,0,0,0,0,0,0,2,0,0,0,0,2,2,0,2,1,2,2,0,2,2,2,0,0,1,0,2,0,2,0,1,2,0,0,0,0,0,2,2,2,0,0,2,0,2,0,0,0,2,0,0,2,2,2,0,2,0,0,2,2,2,2,2,0,2,1,0,1,0,0,0,2,0
97,Bred_0196,0,2,2,2,2,2,2,2,2,2,2,2,2,0,0,2,0,0,2,0,0,2,2,2,2,0,2,0,0,2,0,0,0,2,0,0,2,2,2,0,2,2,2,2,0,2,2,2,2,2,2,2,2,2,0,0,2,0,2,0,2,0,2,0,2,2,0,0,0,0,2,2,0,0,2,0,2,0,1,0,0,0,2,0,0,2,0,0,0,2,0,0,2,2,0,0,2,2,0,2,2,2,2,0,1,0,0,0,2,0,2,0,2,2,0,2,2,0,2,2,2,2,0,2,2,2,2,2,2,2,2,0,2,2,0,0,2,2,2,0,0,0,0,0,0,0,0,0,2,2,0,2,0,0,0,2,2,2,2,0,2,0,0,0,0,2,2,0,2,0,2,0,2,2,0,0,2,0,0,0,2,1,2,0,0,0,0,2,0,0
98,Bred_0197,0,2,2,2,2,0,0,2,0,0,2,1,0,0,2,2,0,0,2,0,0,2,2,0,2,0,2,0,0,0,2,2,0,2,2,0,0,2,2,2,2,0,0,1,0,0,0,2,2,2,0,0,0,0,2,2,2,2,2,0,0,0,0,0,1,0,0,2,0,0,0,2,2,0,0,0,2,0,0,2,0,2,2,0,0,2,0,0,0,0,2,0,2,2,0,2,0,2,2,0,0,0,1,1,2,0,2,2,0,0,2,2,0,2,0,0,1,0,0,0,0,2,1,0,2,2,0,2,2,0,2,0,2,2,1,2,0,1,2,2,1,1,0,2,2,2,0,0,2,2,0,2,0,0,2,0,2,2,2,2,2,2,0,0,0,0,0,0,0,2,2,0,0,1,0,0,2,2,1,0,0,0,2,0,0,2,2,2,2,2
99,Bred_0198,0,0,0,2,2,2,2,2,2,2,2,2,0,2,2,0,2,0,0,2,0,0,2,0,0,0,1,2,0,2,2,0,2,2,2,0,2,2,0,2,2,0,0,0,2,2,0,2,0,0,0,2,2,0,2,2,2,0,0,2,0,0,2,2,0,2,0,0,0,0,2,2,2,0,2,2,2,2,0,0,0,0,0,0,1,2,0,0,0,2,0,0,2,2,2,0,2,0,0,0,0,0,0,0,2,0,0,2,2,0,0,0,2,2,2,0,0,0,0,2,0,2,0,0,2,0,0,0,2,0,2,0,2,0,2,0,0,2,0,0,0,1,0,0,0,2,2,0,2,0,0,2,0,2,0,0,2,0,0,2,0,0,2,0,0,0,0,2,2,2,0,0,0,2,2,0,0,0,2,0,2,2,1,1,1,0,2,0,0,0
100,Bred_0199,2,2,2,2,2,0,0,0,0,0,0,2,0,2,0,2,2,2,2,2,2,2,2,0,0,2,0,2,0,0,2,0,2,2,0,2,2,0,2,2,2,0,0,2,0,0,2,0,2,2,0,0,0,0,0,2,2,0,0,2,2,2,0,2,2,0,2,2,2,2,0,2,2,2,0,0,2,2,2,0,2,0,0,2,2,0,2,2,2,0,2,2,2,0,2,0,0,2,2,0,2,2,0,2,2,0,0,0,0,2,2,2,0,2,2,2,2,2,0,0,0,2,2,0,0,2,0,2,2,0,0,2,2,0,2,2,2,0,0,2,2,0,0,0,2,0,0,0,2,2,0,0,0,2,0,0,2,2,2,0,2,0,2,2,2,2,0,2,0,0,2,2,2,2,2,0,2,0,2,2,2,0,2,2,0,2,0,2,0,2
101,Bred_0200,2,0,0,2,2,0,0,2,2,2,2,0,0,2,0,0,2,2,1,2,2,0,2,0,2,0,2,2,2,0,0,2,2,2,0,2,0,0,2,2,2,1,0,2,2,0,2,0,2,2,2,0,0,2,2,2,0,0,1,2,2,2,0,2,2,2,0,2,0,2,2,2,0,2,0,0,0,2,2,2,2,0,2,2,2,2,2,2,2,0,2,2,2,2,0,0,0,2,2,0,2,2,2,2,2,2,0,2,0,2,0,2,2,2,2,2,2,2,2,2,2,2,2,0,0,0,0,0,1,2,2,2,2,2,2,0,2,2,2,2,2,0,2,0,2,2,0,2,2,0,0,2,2,2,0,2,2,0,0,2,0,0,2,2,2,2,2,2,0,0,2,2,2,0,2,0,2,0,2,2,0,0,2,2,2,0,0,0,0,2
102,Bred_0212,0,1,2,0,0,1,1,0,2,2,0,1,2,1,0,1,1,0,1,1,0,1,0,0,1,1,0,1,2,2,1,1,1,1,1,0,0,1,1,1,1,0,2,1,1,1,1,1,0,1,1,1,1,1,0,0,1,2,1,1,1,0,1,1,1,1,0,0,0,0,2,0,0,0,1,1,2,1,2,1,0,1,1,2,0,1,0,0,0,1,2,2,2,0,0,1,1,1,0,1,1,1,1,1,2,2,1,1,1,0,1,2,1,0,1,1,1,0,1,2,1,1,1,0,0,1,1,1,1,1,0,2,1,1,0,0,1,1,1,2,2,2,0,2,0,1,0,2,2,1,1,0,0,1,1,1,0,1,1,1,1,2,0,0,0,1,1,0,2,2,1,0,1,1,1,0,1,2,1,2,0,1,2,0,2,0,0,0,2,0
103,Bred_0213,0,0,2,2,2,0,0,0,0,0,2,0,2,2,0,2,2,0,0,2,0,0,2,2,2,2,0,2,2,2,1,2,2,0,0,0,0,0,0,0,0,0,2,2,0,0,2,0,0,0,2,2,0,0,0,0,2,0,2,2,2,0,0,0,2,2,0,0,0,0,0,2,0,0,0,2,0,2,2,2,0,0,2,2,0,2,0,0,0,0,0,2,2,0,0,0,0,0,0,2,2,2,2,2,1,2,0,0,2,0,0,2,2,2,2,2,0,0,0,0,0,0,2,2,0,2,0,2,2,2,0,2,0,2,0,2,2,0,2,2,2,0,2,2,0,0,2,2,2,2,0,0,2,2,2,2,2,1,0,0,0,0,0,0,0,2,0,0,0,2,0,0,2,0,2,2,0,0,2,2,0,0,2,0,0,0,2,0,0,0
104,Bred_0215,0,0,2,2,2,1,0,0,0,0,2,0,1,2,0,2,2,0,0,2,0,0,2,2,2,2,0,2,2,2,0,2,2,0,0,0,0,0,0,0,0,0,1,2,1,0,2,0,0,0,2,2,0,0,0,1,2,0,2,2,2,0,0,0,2,2,0,0,0,0,0,2,0,0,0,2,0,2,2,2,0,0,2,1,0,2,0,0,0,0,0,2,2,0,0,0,0,0,0,2,2,2,2,2,1,2,0,0,2,0,0,2,2,2,2,2,0,0,0,0,0,0,2,2,0,2,0,2,2,2,0,2,0,2,0,2,2,1,2,2,2,0,2,1,0,0,1,2,2,2,0,0,2,2,2,2,2,0,0,0,0,0,0,0,0,2,0,0,0,2,0,0,2,0,2,2,0,0,2,2,0,0,2,0,2,0,2,0,0,0
105,Bred_0219,2,0,2,2,2,0,0,0,2,2,0,0,2,2,0,2,0,2,2,0,0,0,2,0,2,0,2,0,2,0,0,2,0,2,0,2,2,2,2,0,2,0,2,2,2,0,2,2,2,2,0,0,0,0,2,2,2,2,2,0,2,0,0,0,2,0,0,0,2,0,2,2,2,0,0,2,0,0,0,2,0,2,2,2,0,0,0,2,2,0,0,2,2,0,2,2,0,2,0,2,2,2,2,0,1,2,0,0,0,0,0,0,0,2,0,2,2,2,0,2,0,2,0,0,0,0,0,0,2,2,0,2,0,0,2,0,2,1,2,0,2,2,2,2,2,0,2,0,2,0,0,0,2,0,2,2,2,1,1,0,1,2,2,2,2,2,2,2,2,0,2,2,2,2,0,0,2,2,2,2,0,0,1,0,2,0,0,0,2,1
106,Bred_0220,2,2,0,0,0,0,0,0,2,2,2,0,2,0,2,0,2,2,2,2,0,2,2,2,2,2,2,2,2,0,2,2,2,2,0,2,0,2,2,2,2,2,2,2,2,0,2,2,2,2,0,2,0,2,2,2,0,0,2,2,2,0,0,2,2,0,2,0,2,0,2,2,0,0,2,2,0,2,0,2,0,1,2,2,0,0,0,2,2,0,0,2,2,2,0,1,0,2,0,0,2,2,2,2,2,2,0,0,2,0,2,0,2,0,2,2,2,2,2,2,2,2,2,2,0,0,2,0,0,2,2,2,2,2,2,2,2,2,2,0,0,2,0,1,2,0,1,2,2,0,0,0,0,2,1,2,2,2,2,0,2,0,2,2,2,2,2,2,0,2,2,2,2,0,2,2,2,1,2,2,0,0,2,0,0,2,2,2,1,0
107,Bred_0222,2,2,0,0,0,0,0,0,2,2,2,0,2,1,2,0,2,2,2,2,0,2,2,2,2,2,2,2,2,0,2,2,2,2,0,2,0,2,2,2,2,2,2,2,2,0,2,2,2,2,0,2,0,2,2,2,0,0,2,2,2,0,0,2,2,0,2,0,2,0,2,2,0,0,2,2,0,2,1,2,0,1,2,2,0,0,0,2,2,0,0,2,2,2,0,1,0,2,0,0,2,2,2,2,2,2,0,0,2,0,2,0,2,0,2,2,0,2,2,2,2,2,2,2,0,0,2,0,2,2,2,2,2,2,2,2,2,2,2,0,1,2,0,1,2,0,0,2,2,0,0,0,0,2,1,2,2,2,2,0,2,0,2,2,2,2,2,2,0,2,2,2,2,0,2,2,2,2,2,2,0,0,2,0,0,2,2,2,2,0
108,Bred_0224,2,2,0,0,0,0,0,0,2,2,2,0,2,2,2,0,2,2,2,2,0,2,2,2,2,2,2,2,2,0,2,2,2,2,0,2,0,2,2,2,2,2,2,2,2,0,2,2,2,2,0,2,0,2,2,2,0,0,2,2,2,0,0,2,2,0,2,0,2,0,2,2,0,0,2,2,0,2,0,2,0,2,2,2,0,0,0,2,2,0,0,2,2,2,0,2,0,2,0,0,2,2,2,2,2,2,0,0,2,0,2,0,2,0,2,2,2,2,2,2,2,2,2,2,0,0,2,0,2,0,2,2,2,2,2,2,2,2,2,0,1,2,0,1,2,0,0,2,2,0,0,0,0,2,1,2,2,2,2,0,2,0,2,2,2,2,2,2,0,2,2,2,2,0,2,2,2,2,2,2,0,0,2,0,0,2,2,2,2,0
109,Bred_0225,2,0,2,2,2,0,0,0,2,2,0,0,2,2,0,2,0,2,2,0,0,0,2,0,2,0,2,0,2,0,1,2,0,2,0,2,2,2,2,0,2,0,2,2,2,0,2,2,2,2,0,0,0,0,2,2,2,2,2,0,2,0,0,0,2,0,0,0,2,0,2,2,2,0,0,2,0,0,0,2,0,2,2,2,0,0,0,2,2,0,0,2,2,0,2,2,0,2,0,2,2,2,2,0,1,2,0,0,0,0,0,0,0,2,0,2,2,2,0,2,0,2,0,0,0,0,1,0,2,2,0,2,0,0,2,0,2,0,2,0,2,2,2,1,2,0,2,0,2,0,0,0,2,0,2,2,2,1,1,0,1,2,2,2,2,2,2,2,2,0,2,2,2,2,0,0,2,2,2,2,0,0,1,0,2,0,0,0,2,0
110,Bred_0227,2,0,2,2,2,2,2,0,0,2,2,0,2,0,2,2,2,2,2,2,0,0,2,2,2,2,0,2,1,1,2,0,2,2,2,2,2,0,2,2,2,0,2,2,2,2,2,0,2,2,2,2,2,0,0,1,2,0,2,2,2,0,2,2,2,0,2,0,2,0,0,2,2,0,0,2,0,2,0,0,0,2,2,0,2,0,0,2,2,2,0,0,2,2,2,2,2,2,0,0,2,2,2,2,2,0,2,2,2,0,0,0,2,2,2,2,2,2,0,0,0,2,2,2,0,2,0,2,2,2,0,0,0,2,2,2,2,0,2,0,0,0,2,0,1,2,2,2,2,2,2,0,2,2,0,2,2,0,0,2,0,0,0,2,2,2,0,0,2,2,0,2,2,0,2,2,2,0,0,0,0,2,1,0,2,2,2,0,0,0
111,Bred_0228,1,0,0,0,0,1,2,0,2,0,0,2,2,1,2,0,2,0,0,2,0,0,0,2,2,2,0,2,1,2,2,0,2,0,2,0,2,0,0,2,0,2,2,0,0,2,0,0,0,0,2,2,2,0,2,0,0,1,0,1,0,0,2,2,0,0,2,1,0,0,2,0,0,0,0,0,1,2,0,0,1,0,2,0,2,2,0,0,0,2,0,0,2,0,0,0,2,0,1,2,0,0,0,2,2,0,0,2,2,0,0,0,2,0,2,0,2,0,0,2,1,0,2,2,2,0,0,0,1,0,0,1,0,0,0,2,0,2,1,0,1,0,2,0,0,1,0,0,2,0,0,0,2,2,0,2,0,2,2,2,2,0,0,1,0,0,2,0,1,0,0,0,0,0,2,1,0,0,2,0,2,0,1,0,0,2,2,2,0,1
112,Bred_0240,0,0,0,0,0,2,2,0,2,0,0,2,2,1,2,0,2,0,0,2,0,0,0,2,2,2,0,2,0,2,1,0,2,0,2,0,2,0,0,2,0,2,2,0,0,2,0,0,0,0,2,2,2,0,2,0,0,0,0,2,1,0,2,2,0,0,2,1,0,0,2,0,1,0,0,0,2,2,0,0,1,0,2,0,2,2,0,0,0,2,0,0,2,0,1,0,2,0,1,1,0,0,0,2,2,0,0,2,2,0,0,0,2,0,2,0,2,0,0,2,0,0,2,2,2,0,0,0,2,0,0,0,0,0,0,2,0,2,2,0,1,0,2,0,0,2,0,0,2,0,0,0,2,2,0,2,0,2,2,2,2,0,0,0,0,0,1,0,0,0,0,0,0,0,2,2,0,0,2,0,2,0,1,0,0,2,2,2,0,1
113,Bred_0242,2,2,2,2,2,2,2,0,0,0,2,2,2,0,2,2,2,2,0,2,2,2,2,0,1,2,0,2,2,0,2,2,2,2,2,2,2,2,2,2,2,2,2,2,2,2,2,2,0,2,0,2,2,2,2,0,2,0,1,2,2,2,2,0,2,0,2,2,2,2,2,0,0,2,2,0,2,2,0,2,2,0,1,2,2,0,2,2,2,2,0,2,2,2,0,0,2,2,2,0,2,2,1,2,2,2,1,2,2,2,2,0,2,2,2,2,0,2,2,0,2,2,2,0,2,0,2,0,2,2,0,2,0,2,0,0,2,2,1,0,0,0,0,0,2,2,2,0,2,0,2,0,0,2,0,2,2,2,2,2,2,0,2,2,2,2,0,2,0,0,0,2,2,2,2,0,2,0,0,2,2,0,1,2,2,2,0,2,0,2
114,Bred_0245,2,0,0,0,0,2,2,2,2,0,2,2,0,0,0,2,2,2,0,1,2,0,0,2,2,1,2,0,2,0,2,2,0,2,2,2,2,2,0,2,2,2,0,2,0,0,2,2,0,0,0,2,2,2,0,0,2,0,2,2,2,2,2,0,2,0,2,2,2,2,2,0,2,0,0,0,0,0,1,2,2,0,2,2,0,2,2,2,2,0,0,2,2,0,0,0,2,0,2,0,2,2,2,2,2,0,2,2,2,2,0,0,2,0,0,2,2,2,2,2,2,2,2,2,2,2,2,2,1,2,2,2,2,2,0,2,2,2,2,0,1,2,2,0,2,2,2,2,2,2,2,2,0,0,0,2,0,2,2,2,2,0,2,2,2,2,0,2,2,2,2,2,2,0,2,2,0,0,0,0,0,2,2,0,2,2,0,2,0,2
115,Bred_0249,2,1,1,1,1,1,1,1,2,2,2,2,1,0,0,1,1,2,1,2,1,1,1,1,2,2,1,1,2,0,0,2,1,1,1,2,1,1,1,0,1,2,1,0,2,1,0,1,1,1,2,2,1,0,1,0,1,1,1,1,0,1,1,2,0,0,1,1,2,1,2,1,1,1,1,1,2,1,2,2,1,1,1,2,1,0,1,2,2,1,2,2,2,0,1,1,1,1,1,1,0,1,1,1,1,2,1,1,2,1,1,2,2,1,1,1,2,2,0,2,0,1,1,1,1,1,1,1,2,2,1,2,1,2,2,1,1,1,1,2,1,1,1,1,2,1,1,2,2,1,1,1,1,1,1,1,1,1,1,1,1,1,2,2,2,0,2,2,2,1,0,2,1,1,1,1,1,1,0,2,2,1,2,1,1,1,1,2,1,1
116,Bred_0250,2,2,0,2,2,2,2,0,2,2,0,2,0,0,0,2,0,2,0,0,2,2,2,2,2,0,0,0,2,0,0,2,0,0,0,2,2,0,0,0,0,2,0,0,2,2,0,0,0,0,2,2,2,0,2,0,0,0,2,0,0,2,2,2,0,0,2,2,2,2,2,2,2,2,0,2,2,0,2,2,2,0,2,2,2,0,2,2,2,2,2,2,2,0,2,0,2,0,2,2,0,0,2,0,1,2,2,0,2,2,2,2,2,0,0,0,2,2,0,2,0,0,0,2,2,2,0,2,2,2,0,2,2,2,2,2,0,0,2,2,2,2,2,0,2,0,2,2,2,2,2,0,2,0,0,2,2,0,0,2,0,0,2,2,2,0,2,2,2,2,0,2,0,0,0,2,0,0,0,2,2,2,2,2,2,2,2,2,0,2
117,Bred_0252,2,0,0,1,1,1,2,0,2,2,0,0,2,2,2,0,2,2,2,0,0,0,1,2,0,0,0,0,2,2,2,2,0,2,2,2,2,2,2,2,2,2,2,2,1,2,2,2,1,2,2,2,2,2,2,0,2,0,0,2,2,0,2,0,2,0,2,0,2,0,2,2,2,0,0,2,0,0,0,2,0,1,0,2,2,0,0,2,2,2,0,2,2,0,2,2,2,2,0,2,2,2,0,2,2,2,2,2,2,0,0,0,2,0,0,2,0,2,2,2,2,2,2,2,0,2,2,2,2,1,0,2,2,2,2,2,2,2,0,0,0,2,0,0,0,2,2,2,2,2,2,0,0,0,0,1,1,0,0,2,0,0,2,2,2,2,2,2,2,0,2,2,2,2,2,2,2,2,2,2,0,2,2,2,0,2,2,2,2,0
118,Bred_0254,2,0,0,2,2,0,0,2,0,0,2,0,2,2,1,2,2,2,2,2,0,0,2,2,2,2,0,2,0,0,0,0,2,0,2,2,0,0,0,0,0,0,2,2,2,0,2,0,0,0,2,0,0,2,0,2,0,2,0,2,2,0,0,2,2,0,2,2,2,0,0,2,0,0,0,0,0,2,0,0,0,2,0,0,2,0,0,2,2,0,0,0,2,2,0,2,0,2,0,2,2,2,0,2,1,0,2,0,0,0,0,0,0,2,2,2,2,2,1,0,2,0,2,2,0,2,2,2,2,1,2,0,0,0,0,2,2,2,0,0,0,2,2,2,2,0,2,0,2,0,2,2,2,2,2,0,2,2,2,2,2,2,2,2,2,2,2,2,0,2,1,2,2,0,0,2,0,2,2,1,0,0,1,2,2,2,2,0,2,0
119,Bred_0255,2,2,0,0,0,0,0,0,2,2,0,0,0,2,0,0,2,2,2,2,0,2,0,2,2,2,2,2,0,0,2,0,2,0,0,2,0,0,2,2,0,2,0,2,0,0,2,0,2,2,0,0,2,1,0,0,0,2,2,2,2,0,0,2,2,2,0,0,2,0,2,2,0,0,2,2,1,2,2,0,0,2,2,2,0,2,0,2,2,0,2,2,2,2,0,2,0,2,0,2,2,2,2,2,2,2,2,0,0,0,2,1,0,0,2,2,0,2,1,2,1,0,2,2,0,0,2,2,1,2,0,2,0,0,2,2,2,2,2,0,2,1,0,2,2,0,0,2,2,2,2,0,0,2,2,2,2,0,0,0,2,2,0,2,2,2,2,0,2,2,2,2,2,0,2,2,2,2,2,2,0,0,1,0,0,2,0,0,2,0
120,Bred_0256,2,2,0,0,0,1,0,0,2,2,2,0,2,2,2,0,2,2,2,2,0,2,2,2,2,2,2,2,1,0,2,2,2,2,0,2,0,2,2,2,2,2,2,2,2,0,2,2,2,2,0,2,0,2,2,2,0,0,2,2,2,0,0,2,2,0,2,0,2,0,2,2,0,0,2,2,0,2,1,2,0,0,2,2,0,0,0,2,2,0,0,2,2,2,0,0,0,2,0,0,2,2,2,2,2,2,0,0,2,0,2,0,2,0,2,2,0,2,2,2,2,2,2,2,0,0,2,0,1,0,2,2,2,2,2,2,2,2,2,0,1,2,0,0,2,0,0,2,2,0,0,0,0,2,0,2,2,2,2,0,2,0,2,2,2,2,2,2,0,2,2,2,2,0,2,2,2,0,2,2,0,0,2,0,0,2,2,2,0,0
121,Bred_0259,0,2,2,2,2,2,2,2,2,2,2,2,2,0,2,2,0,0,0,2,0,2,2,2,0,1,2,2,0,2,2,0,2,0,2,0,2,0,2,2,2,2,2,0,2,2,0,0,2,2,2,2,2,0,0,0,2,0,0,0,0,0,2,0,0,0,2,0,0,0,0,2,0,2,2,2,2,2,2,0,0,0,0,0,2,0,0,0,0,2,0,0,2,2,0,0,2,0,0,0,0,0,0,0,2,0,0,2,2,0,2,0,2,2,2,0,2,0,0,2,0,2,0,2,2,0,0,0,2,2,2,0,2,0,0,2,0,0,0,0,2,2,2,0,0,2,2,0,2,0,0,2,2,2,0,2,2,2,2,2,0,0,0,0,0,0,0,0,0,2,2,0,0,0,0,0,2,0,0,0,2,2,2,2,0,2,0,2,0,0
122,Bred_0261,2,2,0,0,0,0,0,2,2,2,2,2,0,0,2,0,0,2,2,0,0,2,0,0,0,0,2,0,0,0,0,0,0,2,2,2,0,2,2,2,2,2,0,2,2,2,2,2,0,2,0,2,2,0,2,2,0,0,0,0,2,0,0,0,2,0,2,0,2,0,2,0,2,0,2,0,2,0,2,0,0,0,0,0,2,0,0,2,2,2,0,0,2,2,2,0,0,2,0,0,2,2,0,0,2,0,0,2,2,0,2,0,2,0,0,2,2,2,1,2,0,2,1,0,2,0,0,0,2,0,2,0,2,2,2,0,2,0,0,0,2,2,0,0,2,2,0,0,2,0,0,2,0,0,0,0,0,0,0,2,2,0,0,2,2,2,0,0,2,2,2,2,2,2,0,0,2,0,0,0,2,2,2,0,0,0,0,2,0,0
123,Bred_0262,0,0,0,0,0,2,2,2,2,2,2,2,2,0,0,0,0,0,0,2,0,0,0,2,2,2,2,2,2,2,2,2,2,2,2,0,1,0,0,2,2,2,2,2,0,2,2,0,0,0,1,2,2,0,1,1,0,2,2,0,2,0,2,0,2,2,2,0,0,0,2,0,0,0,2,2,2,2,2,2,0,2,2,0,2,2,1,0,0,2,0,0,2,0,0,2,2,0,0,2,2,2,2,0,2,0,2,2,2,0,0,0,2,0,2,2,2,0,0,2,0,2,1,2,2,2,0,2,2,0,2,0,2,2,0,2,2,0,2,0,2,2,2,0,0,2,1,0,2,0,2,2,2,2,0,0,0,2,2,2,2,2,0,0,1,2,2,0,2,2,0,0,2,0,0,2,0,1,1,0,2,2,2,2,2,2,2,0,1,0
124,Bred_0266,2,0,2,2,2,0,0,2,0,0,2,0,2,2,1,2,2,2,2,2,0,0,2,2,2,2,0,2,0,0,0,0,2,0,2,2,0,0,0,0,0,0,2,2,2,0,2,0,0,0,2,0,0,2,0,2,0,2,0,2,2,0,0,2,2,0,2,2,2,0,0,2,0,0,0,0,0,2,0,0,0,2,0,0,2,0,0,2,2,0,0,0,2,2,0,2,0,2,1,2,2,2,0,2,1,0,2,0,0,0,0,0,0,2,2,2,1,2,2,0,2,0,2,2,0,2,2,2,2,0,2,0,0,0,0,2,2,2,0,0,0,2,2,2,2,2,2,0,2,0,2,2,2,2,2,0,2,2,2,2,2,2,2,2,2,2,2,2,0,2,1,2,2,0,2,2,0,2,2,0,0,0,1,2,2,2,2,0,2,0
125,Bred_0267,1,1,2,1,1,1,1,1,2,2,1,1,2,1,1,1,2,1,2,1,1,1,1,2,2,1,1,1,1,1,1,1,1,1,1,1,2,1,2,2,1,2,2,2,1,1,2,1,2,2,1,1,1,1,1,1,0,1,2,2,2,1,1,2,2,0,2,1,1,1,2,1,1,1,1,2,1,1,1,1,1,0,2,2,1,0,1,1,1,1,1,2,2,1,2,0,1,2,1,1,2,2,2,2,2,1,0,1,1,1,1,1,1,1,1,2,2,1,1,2,1,1,2,2,0,0,1,0,2,2,1,2,2,1,1,1,2,1,2,1,1,2,1,2,1,1,1,1,2,0,0,1,1,1,2,2,1,2,2,1,2,1,1,1,1,1,2,1,1,2,1,1,2,1,1,2,2,1,1,2,1,1,2,1,1,2,2,1,1,1
126,Bred_0268,2,2,0,0,0,0,0,0,2,2,2,0,2,1,2,0,2,2,2,2,0,2,2,2,2,2,2,2,1,0,2,2,2,2,0,2,0,2,2,2,2,2,2,2,2,0,2,2,2,2,0,2,0,2,2,2,0,0,2,2,2,0,0,2,2,0,2,0,2,0,2,2,0,0,2,2,0,2,0,2,0,1,2,2,0,0,0,2,2,0,0,2,2,2,0,1,0,2,0,0,2,2,2,2,2,2,0,0,2,0,2,0,2,0,2,2,2,2,2,2,2,2,2,2,0,0,2,0,1,2,2,2,2,2,2,2,2,2,2,0,0,2,0,1,1,0,0,2,2,0,0,0,0,2,1,2,2,2,2,0,2,0,2,2,2,2,2,2,0,2,2,2,2,0,2,2,2,1,2,2,0,0,2,0,0,2,2,2,1,0
127,Bred_0269,2,0,0,0,0,2,2,2,2,0,2,1,0,0,0,2,2,2,0,0,2,0,0,2,2,0,2,0,2,0,2,2,0,2,2,2,2,2,0,2,2,2,0,2,0,0,2,2,0,0,0,2,2,2,0,0,2,0,2,2,2,2,2,0,2,0,2,2,2,2,2,0,2,0,0,0,2,0,0,2,2,0,2,1,0,2,2,2,2,0,0,2,2,0,0,0,2,0,2,0,2,2,2,2,2,2,2,2,2,2,0,0,2,0,0,2,2,2,2,2,2,2,2,2,2,2,2,2,1,2,2,2,2,2,0,2,2,2,2,0,0,2,2,0,2,2,2,2,2,2,2,2,0,0,0,2,0,2,2,2,2,1,2,2,2,2,0,2,2,2,2,2,2,0,2,2,0,0,0,0,0,2,2,0,2,2,0,2,0,2
128,Bred_0270,2,2,0,2,2,0,0,0,0,0,0,0,0,2,0,0,0,2,2,0,0,2,0,2,0,0,0,0,1,0,0,1,0,2,2,2,2,2,2,0,2,2,0,2,2,0,2,2,2,2,0,0,0,2,0,2,2,2,0,0,2,0,0,2,2,2,0,0,2,0,0,0,2,0,2,2,0,0,2,1,0,2,0,2,0,2,0,2,2,0,2,2,2,2,2,2,0,2,0,2,2,2,0,0,1,2,0,2,0,0,2,2,1,2,0,2,2,2,2,0,2,2,0,2,2,0,2,0,2,0,0,2,2,1,2,2,2,2,0,2,2,2,2,2,2,2,2,2,2,0,0,0,2,0,2,2,0,2,2,2,2,2,2,2,2,2,2,2,0,2,2,2,2,2,0,2,2,2,2,2,0,0,2,0,0,0,2,0,2,0
129,Bred_0271,0,2,2,2,2,0,0,1,2,2,2,0,0,0,2,2,2,0,2,2,2,2,2,2,0,2,2,2,0,2,0,1,2,0,2,0,0,0,2,0,0,0,0,1,0,0,1,0,2,2,0,0,2,0,2,0,1,2,1,2,2,2,0,2,2,0,2,2,0,2,2,2,0,2,2,0,0,2,2,1,2,0,1,1,2,2,2,0,0,0,0,1,2,2,0,0,2,2,2,2,1,1,0,2,1,1,0,2,0,2,2,0,0,2,2,1,1,0,0,2,0,0,2,2,0,0,0,0,2,2,2,1,2,0,0,2,1,0,1,0,2,2,0,2,0,2,0,2,2,0,0,2,0,2,2,2,2,0,0,0,0,2,0,0,0,2,2,0,2,2,2,0,1,0,2,2,2,0,0,0,0,2,2,2,0,2,0,0,0,2
130,Bred_0273,0,0,2,2,2,0,0,2,0,2,2,0,0,2,0,2,2,0,0,0,0,0,2,0,1,2,0,0,2,0,2,2,2,0,2,0,1,0,0,0,0,2,0,0,2,0,0,0,0,0,0,2,0,2,0,0,1,0,2,2,0,0,0,2,0,1,0,0,0,0,0,2,1,0,2,0,0,1,0,2,0,0,2,2,0,0,0,0,0,0,0,2,2,2,1,0,0,0,0,2,0,0,1,2,2,2,0,2,2,0,0,0,2,2,0,0,0,0,2,0,2,0,2,0,0,0,0,0,2,2,2,2,2,2,0,0,0,0,2,0,0,1,0,2,2,2,2,0,2,0,0,2,0,2,2,2,2,0,0,2,0,0,0,0,0,0,2,0,2,2,0,0,0,2,2,2,0,1,2,2,0,2,2,0,0,0,0,0,1,0
131,Bred_0280,2,0,1,1,1,1,1,2,1,1,1,1,1,0,1,1,2,2,1,1,2,1,2,1,0,1,1,1,1,0,1,0,1,1,1,2,1,1,1,2,0,0,1,1,0,1,1,1,1,1,0,1,1,1,0,1,1,1,0,1,1,2,1,2,1,0,1,1,2,2,0,2,1,1,0,1,1,1,0,0,2,1,0,1,1,0,2,2,2,1,1,1,2,2,1,0,1,1,1,2,1,1,0,1,2,1,1,2,1,2,0,1,0,1,1,1,1,2,1,1,1,0,1,1,1,2,1,2,2,1,2,1,1,0,1,2,1,0,0,1,0,1,2,1,2,1,1,1,2,2,1,2,2,1,1,1,2,0,0,2,1,1,2,2,2,1,2,1,1,2,1,2,1,2,2,1,1,1,0,2,1,0,1,1,2,1,1,0,1,1
132,Bred_0281,2,2,0,0,0,0,0,0,2,2,2,0,2,1,2,0,2,2,2,2,0,2,2,2,2,2,2,2,2,0,2,2,2,2,0,2,0,2,2,2,2,2,2,2,2,0,2,2,2,2,0,2,0,2,2,2,0,0,2,2,2,0,0,2,2,0,2,0,2,0,2,2,0,0,2,2,0,2,0,2,0,1,2,2,0,0,0,2,2,0,0,2,2,2,0,1,0,2,0,0,2,2,2,2,2,2,0,0,2,0,2,0,2,0,2,2,2,2,2,2,2,2,2,2,0,0,2,0,2,2,2,2,2,2,2,2,2,2,2,0,0,2,0,1,2,0,0,2,2,0,0,0,0,2,1,2,2,2,2,0,2,0,2,2,2,2,2,2,0,2,2,2,2,0,2,2,2,1,2,2,0,0,2,0,0,2,2,2,1,0
133,Bred_0283,2,2,0,0,0,0,0,0,0,0,0,0,0,2,0,2,0,2,2,0,0,2,0,2,0,0,2,0,0,0,2,0,0,0,0,2,0,0,0,2,0,2,0,2,2,0,2,0,0,0,2,0,2,1,2,2,2,0,0,0,2,0,0,0,2,2,2,0,2,0,0,0,0,0,2,2,0,0,0,0,0,2,0,0,2,2,0,2,2,0,2,0,2,0,0,2,0,0,0,1,2,2,0,0,2,0,2,0,0,0,2,2,0,0,0,2,2,2,2,0,2,0,0,2,0,2,2,0,2,2,0,0,0,0,0,2,2,2,0,2,0,0,2,0,2,0,0,0,2,0,2,0,2,0,0,0,0,2,2,0,2,0,2,2,2,2,1,2,0,2,0,2,2,0,0,2,0,0,2,0,0,1,1,2,2,2,2,2,0,0
134,Bred_0284,2,2,0,2,2,2,2,2,0,0,2,0,0,0,0,2,2,2,2,2,2,2,2,0,2,2,2,2,2,0,2,2,2,0,0,2,2,0,0,2,0,2,0,2,0,2,2,0,2,0,0,2,2,0,0,2,0,0,2,2,2,2,2,0,2,2,2,2,2,2,2,0,0,2,2,0,0,2,2,2,2,2,2,1,2,2,2,2,2,2,0,2,2,2,2,2,2,1,2,0,2,2,2,2,2,2,2,0,2,2,2,2,2,0,2,2,0,2,0,0,0,0,2,0,0,0,0,0,2,2,2,2,2,2,0,0,2,0,2,2,2,2,2,0,2,0,2,2,2,0,2,2,2,2,0,2,2,0,0,0,0,0,2,2,2,2,0,2,2,2,2,2,2,0,2,2,0,0,0,2,2,0,2,2,1,0,0,2,0,2
135,Bred_0285,1,1,0,0,0,0,0,1,0,2,0,1,0,1,0,1,1,1,2,0,0,1,0,1,1,0,2,0,1,1,2,1,0,0,0,1,1,0,0,2,1,2,0,2,2,0,2,0,0,0,1,1,1,1,2,2,2,0,1,1,2,0,0,1,2,2,2,0,1,0,0,0,1,0,2,2,0,0,1,1,0,1,1,1,2,2,0,1,1,0,1,1,2,0,1,1,0,1,0,0,2,2,1,1,2,1,2,0,0,0,1,2,1,0,0,2,2,1,1,0,1,1,1,1,0,2,1,0,2,2,1,1,0,1,0,1,2,1,1,1,1,0,2,0,1,0,1,0,2,0,2,0,2,0,0,1,0,2,2,0,2,0,1,1,1,2,1,1,1,2,1,1,2,0,1,2,1,0,2,1,1,1,1,2,2,2,2,2,0,0
136,Bred_0286,2,2,0,0,2,0,0,0,0,0,0,0,0,2,0,2,0,2,2,0,0,2,0,2,0,0,2,0,0,0,2,0,0,0,0,2,0,0,0,2,0,2,0,2,2,0,2,0,0,0,2,0,2,2,1,2,2,0,0,0,2,0,0,0,2,2,2,0,2,0,0,0,0,0,2,2,0,0,0,0,0,2,0,0,2,2,0,2,2,0,2,0,2,0,0,0,0,0,0,0,2,2,0,0,2,0,2,0,0,0,2,2,0,0,0,2,2,2,2,0,2,0,0,2,0,2,2,0,0,2,0,0,0,0,0,2,2,2,0,2,0,0,2,0,2,0,0,0,2,0,2,0,2,0,0,0,0,2,2,0,2,0,2,2,2,2,0,2,0,2,0,2,2,0,0,2,0,0,2,0,0,1,1,2,2,2,2,2,0,0
137,Bred_0287,2,1,2,2,2,1,1,1,1,1,1,1,1,0,0,2,1,2,1,1,1,1,2,1,2,1,1,0,1,0,1,1,0,0,0,2,1,0,1,1,0,2,1,0,1,1,0,0,1,1,1,1,1,0,1,1,1,0,2,0,0,1,1,2,0,1,1,1,2,1,1,2,2,1,0,1,1,0,1,1,1,0,2,1,1,1,1,2,2,1,2,1,2,0,1,0,1,1,1,1,0,0,1,1,2,1,2,0,1,1,1,2,1,1,0,0,2,2,0,1,0,0,1,1,1,2,1,2,2,1,1,1,2,1,2,1,0,0,2,2,1,2,1,1,2,0,1,1,2,2,1,1,1,0,0,1,2,1,1,1,1,0,2,2,2,0,2,2,1,2,1,2,0,0,1,1,1,1,0,1,1,1,2,1,0,1,1,2,1,1
138,Bred_0292,2,2,0,0,0,0,0,0,0,1,0,0,0,2,0,2,0,2,2,0,0,2,0,2,0,0,2,0,0,0,2,0,0,0,0,2,0,0,0,2,0,2,0,2,2,0,2,0,0,0,2,0,2,2,1,2,2,0,0,0,2,0,0,0,2,2,2,0,2,0,0,0,0,0,2,2,0,0,0,0,0,1,0,0,2,2,0,2,2,0,2,0,2,0,0,2,0,0,0,1,2,2,0,0,2,0,2,0,0,0,2,2,0,0,0,2,2,2,2,0,2,0,0,2,0,2,2,0,2,2,0,0,0,0,0,2,2,2,0,2,0,0,2,0,2,0,0,0,2,0,2,0,2,0,0,0,0,2,2,0,2,0,2,2,2,2,1,2,1,2,0,2,2,0,0,2,0,0,2,0,0,0,1,2,2,2,2,2,0,0
139,Bred_0295,2,2,0,2,2,2,2,2,2,2,2,2,2,0,2,0,2,2,2,2,2,2,2,0,0,2,2,2,0,0,0,0,0,0,2,2,0,0,2,2,0,0,2,0,2,2,0,0,2,2,2,0,1,0,2,0,0,0,0,0,0,2,2,0,0,0,1,1,2,2,2,0,0,2,1,0,2,2,2,0,2,1,0,0,2,2,2,2,2,2,0,1,2,2,1,1,2,2,1,2,0,0,0,2,0,0,0,2,0,2,2,0,0,2,2,0,1,2,0,2,0,0,2,0,2,0,0,0,2,0,2,1,0,0,2,0,0,2,0,0,2,0,2,0,2,2,0,0,2,0,0,2,2,0,1,0,2,0,0,0,2,0,2,2,2,0,2,2,2,1,1,2,0,0,2,2,2,0,0,2,2,0,1,2,0,1,0,0,0,1
140,Bred_0296,2,2,0,2,2,2,2,0,2,2,2,2,0,0,0,2,0,2,0,2,2,2,2,2,2,2,0,0,2,0,0,2,0,0,0,2,2,0,0,0,0,2,0,0,2,2,0,0,0,0,2,2,2,0,2,0,0,0,2,0,0,2,2,2,0,0,2,2,2,2,2,2,2,2,0,2,2,0,2,2,2,0,2,2,2,0,2,2,2,2,2,2,2,0,2,0,2,0,2,2,0,0,2,0,1,2,2,0,2,2,2,2,2,0,0,0,2,2,0,2,0,0,0,2,2,2,1,2,2,2,0,2,2,2,2,2,0,0,2,2,2,2,2,0,2,0,2,2,2,2,2,0,2,0,0,2,2,0,0,2,0,0,2,2,2,0,2,2,2,2,0,2,0,0,0,2,0,0,0,2,2,2,2,2,0,2,2,2,0,2
141,Bred_0297,2,2,0,0,0,0,0,0,2,2,2,0,2,2,2,0,2,2,2,2,0,2,2,2,2,2,2,2,2,0,2,2,2,2,0,2,0,2,2,2,2,2,2,2,2,0,2,2,2,2,0,2,0,2,2,2,0,0,1,2,2,0,0,2,2,0,2,0,2,0,2,2,0,0,2,2,0,2,2,2,0,1,2,2,0,0,0,2,2,0,0,2,2,2,0,1,0,2,0,0,2,2,2,2,2,2,0,0,2,0,2,0,2,0,2,2,0,2,2,2,2,2,2,2,0,0,2,0,2,1,2,2,2,2,2,2,2,2,2,0,2,2,0,1,2,0,0,2,2,0,0,0,0,2,1,2,2,2,2,0,2,0,2,2,2,2,2,2,0,2,2,2,2,0,2,2,2,0,2,2,0,0,2,0,0,2,2,2,1,0
142,Bred_0298,2,1,1,1,2,1,1,1,2,1,2,1,1,1,0,2,1,2,1,1,0,1,2,0,2,1,1,1,1,0,0,1,1,1,0,2,1,0,0,0,1,1,1,1,1,1,1,0,1,1,1,1,1,0,1,1,2,1,2,1,1,0,1,2,1,1,1,0,1,0,1,2,2,1,1,1,1,1,2,1,0,1,2,1,1,1,1,2,2,1,2,1,2,0,1,1,1,1,0,1,1,1,2,1,1,1,2,0,1,0,1,2,1,1,1,1,2,2,0,2,0,1,1,0,1,2,0,2,2,2,1,1,2,1,2,0,1,1,2,2,1,1,2,1,2,0,1,1,2,2,2,1,2,1,1,1,2,1,1,1,1,1,2,2,2,1,2,2,1,2,1,1,1,0,1,0,1,1,1,2,1,1,2,1,0,0,1,1,1,0
143,Bred_0299,0,0,0,0,0,0,0,0,2,2,2,0,2,0,2,2,2,0,1,0,0,0,0,0,0,0,0,0,2,2,0,2,0,0,2,0,0,2,0,0,0,2,2,2,0,0,2,2,0,0,2,2,0,2,2,0,2,0,0,2,2,0,0,2,0,0,0,2,0,0,2,0,2,0,2,0,2,0,2,2,0,0,0,2,0,0,0,0,0,0,0,2,2,2,2,0,0,0,2,1,2,2,0,2,1,2,2,2,2,0,0,0,2,0,0,2,2,0,2,2,2,0,2,0,2,2,2,2,1,2,0,2,2,2,2,0,2,2,0,0,0,0,0,0,0,2,0,2,2,0,2,0,0,0,0,2,0,0,0,2,0,0,0,0,0,2,2,0,0,0,2,0,2,2,2,1,0,0,0,2,0,0,2,0,0,0,0,2,0,2
144,Bred_0300,0,2,0,2,2,0,0,2,0,0,2,2,2,2,0,0,2,0,2,2,2,2,2,2,0,2,0,1,0,2,0,0,1,2,0,0,2,0,2,0,1,0,2,2,0,0,2,0,2,2,2,0,0,2,2,0,0,2,0,2,2,2,0,0,2,0,0,2,0,2,0,2,2,1,2,0,1,2,0,0,2,2,0,0,0,0,2,0,0,0,2,0,2,2,2,2,0,0,2,2,2,2,0,2,1,0,0,0,0,2,2,2,0,2,1,2,2,0,2,0,2,2,2,2,0,2,2,2,2,1,2,0,1,0,2,2,2,1,0,2,0,0,2,2,0,0,2,2,2,0,0,2,2,1,2,0,2,2,2,0,2,2,0,0,0,2,2,0,0,2,2,0,2,0,2,2,2,2,2,2,0,0,2,2,0,0,0,0,2,2
145,Bred_0301,2,0,1,0,0,1,1,0,2,2,2,0,2,0,0,0,0,2,0,2,2,0,0,0,1,2,0,2,2,0,2,2,2,0,0,2,0,2,0,2,0,0,2,0,0,0,0,2,0,0,2,2,0,2,0,2,2,2,1,0,0,0,1,2,0,0,0,0,2,2,2,0,0,0,0,2,0,2,2,2,2,0,1,2,2,0,0,2,2,0,2,2,2,2,0,0,2,0,2,0,0,0,1,0,2,2,2,0,2,2,0,2,2,2,2,0,2,2,2,2,2,0,0,0,2,2,2,2,2,0,0,2,2,2,2,0,0,2,1,2,2,2,2,2,2,0,2,2,2,2,2,0,2,2,2,1,0,0,0,0,0,2,2,2,2,0,0,2,2,2,0,2,0,2,0,0,0,2,0,2,0,2,1,2,2,0,2,0,2,0
146,Bred_0302,0,1,0,1,1,0,0,1,2,1,1,1,2,1,0,0,1,0,1,1,1,1,0,2,1,0,1,1,2,2,2,2,0,0,0,0,0,0,0,2,0,0,2,0,2,0,0,0,0,0,2,2,0,1,1,2,1,1,1,1,1,1,0,1,0,2,1,1,0,1,1,0,1,0,1,1,1,1,2,2,1,1,1,2,2,2,0,0,0,0,2,1,2,0,2,1,0,0,1,1,0,1,1,1,2,1,1,1,2,1,1,2,2,1,1,1,2,0,0,1,1,0,1,2,1,2,0,2,2,1,0,0,2,2,1,2,1,0,1,1,2,0,2,1,0,1,1,1,2,2,1,1,2,1,1,1,0,1,1,1,2,1,0,0,0,1,1,0,0,2,1,0,1,0,1,2,0,0,1,0,1,2,2,1,1,2,1,1,0,1
147,Bred_0303,1,0,2,1,1,1,1,0,1,1,1,1,1,0,1,2,1,1,0,1,2,0,1,1,2,0,0,1,1,1,2,1,1,1,1,1,0,1,0,1,1,1,1,1,1,0,1,1,0,0,1,2,1,1,2,0,1,0,1,1,1,1,1,1,1,1,1,1,1,2,1,1,1,1,1,1,0,1,1,2,2,1,1,1,2,1,1,1,1,0,1,1,2,0,1,1,1,0,2,1,1,1,1,1,2,1,1,1,2,2,0,1,2,1,1,1,2,1,1,1,1,1,1,1,1,1,1,1,1,2,0,1,1,1,2,1,1,1,1,1,1,1,1,0,1,2,1,1,2,1,1,0,1,1,0,1,0,1,1,2,1,0,1,1,1,1,1,1,1,2,1,1,1,1,1,1,0,1,0,2,1,1,1,1,1,1,1,1,1,1
148,Bred_0304,2,0,2,2,2,0,0,0,0,0,0,0,0,2,2,2,2,2,0,0,0,0,0,0,2,0,0,0,0,2,2,0,0,2,2,2,2,0,0,2,2,2,0,0,2,0,0,0,0,0,0,0,0,2,2,0,2,0,2,0,0,0,0,0,0,0,0,0,2,0,0,0,2,0,0,0,2,2,0,0,0,0,2,0,0,0,0,2,2,0,0,0,2,0,2,0,0,0,0,0,0,0,2,0,2,0,2,2,0,0,0,0,0,2,0,0,2,0,0,0,2,2,0,0,2,2,0,2,2,2,0,0,2,0,0,2,0,2,2,0,0,0,0,0,0,2,2,0,2,2,2,0,0,0,0,0,0,2,2,0,2,0,2,0,2,0,2,2,0,2,2,2,0,0,2,0,0,0,2,0,0,0,1,0,2,0,2,2,1,0
149,Bred_0305,0,0,0,0,0,0,0,2,0,1,1,2,0,0,1,0,2,0,2,0,1,0,0,0,2,0,2,1,2,2,1,2,0,1,0,0,2,0,2,0,2,2,0,2,1,0,2,0,2,2,0,2,0,0,0,2,1,0,2,2,2,0,0,2,2,2,2,0,0,0,0,0,2,0,0,2,2,0,2,2,0,0,2,2,2,2,0,0,0,0,0,2,2,2,1,0,0,2,0,0,2,2,2,2,2,2,2,0,2,0,0,0,2,0,0,2,2,0,0,0,0,2,2,0,0,2,0,0,2,2,2,2,1,2,1,1,2,0,2,0,2,0,0,0,1,0,2,0,2,0,2,2,0,1,0,2,0,2,2,0,2,0,0,0,1,2,0,0,0,2,2,0,2,0,2,2,2,0,2,2,1,0,2,2,2,2,2,2,0,0
150,Bred_0306,0,1,0,0,1,2,2,1,1,1,1,2,1,0,1,0,1,0,1,1,2,1,2,2,2,1,0,2,0,2,2,0,1,0,1,0,1,1,1,2,0,1,1,1,1,2,1,1,1,1,2,1,2,0,0,1,1,1,1,1,1,1,2,1,1,0,2,1,0,2,0,2,0,1,1,1,2,2,2,0,2,1,2,0,2,1,1,0,0,2,0,0,2,1,0,2,2,1,1,1,1,1,1,1,2,0,2,1,1,2,1,0,1,0,1,1,0,0,0,1,0,0,1,2,2,2,0,2,2,0,0,0,1,0,0,1,1,1,2,0,2,1,2,1,0,1,1,0,2,2,1,1,2,1,1,1,2,1,1,1,1,1,0,0,0,1,1,0,2,1,0,0,1,1,1,2,1,1,1,0,2,2,1,1,0,2,2,1,1,1
151,Bred_0307,0,0,0,2,2,0,0,0,2,2,0,0,0,0,0,0,2,0,0,2,2,0,2,2,0,2,0,2,2,2,2,2,2,0,0,0,2,1,0,2,0,0,0,0,0,0,0,1,0,0,1,2,2,0,0,1,0,0,0,2,0,2,0,2,2,0,2,2,0,2,2,2,0,2,0,0,0,2,0,2,2,0,0,2,2,0,2,0,0,0,0,2,2,0,0,0,1,0,2,2,0,0,0,2,2,2,2,0,2,2,0,0,2,0,2,0,0,0,0,2,0,0,2,2,0,0,0,0,2,0,0,2,2,2,2,2,0,1,0,0,0,2,2,0,0,0,2,2,2,0,2,0,2,2,0,0,2,1,1,0,1,0,0,0,0,0,2,0,2,2,2,0,0,1,2,2,0,0,0,2,0,2,2,2,2,0,2,2,0,2
152,Bred_0309,2,2,2,2,2,2,2,0,0,0,0,2,0,0,2,2,2,2,0,0,0,2,2,0,2,1,0,0,0,0,0,0,0,0,2,2,2,0,0,0,0,0,0,0,2,2,0,0,0,0,2,0,2,0,2,2,0,0,2,2,0,0,2,2,0,0,0,0,1,0,0,2,2,0,2,1,2,0,0,0,0,0,2,0,0,0,0,2,2,2,2,0,2,0,2,0,2,0,0,2,0,0,2,2,1,0,0,2,0,0,2,0,0,2,0,0,2,2,0,0,0,0,2,0,0,1,0,1,2,2,0,0,2,0,0,0,0,1,2,2,0,2,2,0,2,2,2,0,2,0,0,0,2,0,0,2,2,0,0,0,0,0,2,2,2,0,2,2,0,2,2,2,0,0,2,2,0,0,0,0,2,2,2,2,0,0,2,0,0,0
153,Bred_0310,2,0,0,0,0,0,0,2,2,2,2,0,2,0,1,0,2,2,2,0,1,2,2,0,0,0,2,1,1,1,2,0,0,0,2,2,2,0,2,2,0,0,2,2,1,0,2,0,2,2,0,0,0,0,1,1,0,2,0,1,2,2,0,2,2,0,0,0,2,2,2,2,0,1,0,2,1,0,0,0,2,0,0,0,0,0,2,2,2,0,2,0,2,2,0,0,0,2,0,2,2,2,0,2,2,0,2,2,0,2,0,2,0,0,0,2,0,2,0,2,0,0,2,0,0,2,0,2,2,0,2,0,0,0,0,1,2,0,0,2,0,0,2,2,1,1,2,0,2,2,2,2,2,1,2,0,2,0,0,2,0,2,2,2,2,2,2,0,0,2,0,2,2,2,2,1,2,0,0,0,1,0,1,0,2,0,2,0,0,0
154,Bred_0311,2,2,0,0,0,0,0,0,2,2,2,0,2,2,2,0,2,2,2,2,0,2,2,2,2,2,2,2,2,0,2,2,2,2,0,2,0,2,2,2,2,2,2,2,2,0,2,2,2,2,0,2,0,2,2,2,0,0,2,2,2,0,0,2,2,0,2,0,2,0,2,2,0,0,2,2,0,2,0,2,0,1,2,2,0,0,0,2,2,0,0,2,2,2,0,1,0,2,0,0,2,2,2,2,2,2,0,1,2,0,2,0,2,0,2,2,2,2,2,2,2,2,2,2,0,0,2,0,1,2,2,2,2,2,2,2,2,2,2,0,0,2,0,1,2,0,0,2,2,0,0,0,0,2,1,2,2,2,2,0,2,0,2,2,2,2,2,2,0,2,2,2,2,0,2,2,2,1,2,2,0,0,2,0,0,2,2,2,1,0
155,Bred_0312,0,0,2,2,2,0,0,0,2,2,0,0,0,2,2,2,2,0,2,1,0,0,2,0,0,1,2,2,2,2,0,2,2,2,2,0,2,2,2,0,2,2,0,2,2,0,2,2,2,2,0,2,0,0,2,0,2,2,0,2,2,0,0,0,2,0,0,0,0,0,2,2,2,0,0,0,0,1,0,2,0,2,0,2,0,2,0,0,0,0,2,2,2,2,2,2,0,2,0,2,2,2,0,2,1,2,2,2,2,0,0,2,2,2,2,2,0,0,0,2,0,2,2,0,2,2,2,2,2,0,2,2,2,2,2,0,2,1,1,2,2,2,0,2,0,2,1,2,2,2,2,0,0,2,2,0,2,2,2,2,2,2,0,0,0,2,2,0,2,2,0,0,2,2,2,0,2,2,2,2,0,2,2,0,2,0,0,2,2,0
156,Bred_0313,2,0,2,2,2,0,0,0,0,0,0,0,2,0,0,1,2,2,2,2,0,0,2,2,0,2,0,2,0,2,0,0,2,0,0,2,2,1,2,0,0,2,2,0,0,0,0,1,2,2,0,0,0,0,2,0,0,2,0,2,0,2,0,2,0,0,2,0,2,0,0,2,2,2,0,0,0,2,0,0,0,2,0,0,2,0,2,2,2,0,2,0,2,2,2,2,0,2,0,1,0,0,0,2,1,0,2,0,0,0,0,1,0,2,2,0,2,2,0,0,0,0,2,2,0,0,0,0,2,0,0,0,0,0,2,2,0,0,0,1,0,2,0,2,0,0,0,0,2,0,2,0,0,2,2,0,2,0,0,0,0,2,0,2,2,0,2,0,2,2,0,2,0,0,2,2,2,2,0,0,0,2,2,2,2,2,0,2,2,0
157,Bred_0315,2,1,0,1,1,0,0,2,2,1,1,1,2,2,1,1,1,2,1,1,1,1,2,2,2,1,2,1,1,0,2,1,1,1,1,2,1,1,1,1,1,1,2,0,0,1,0,1,2,1,2,1,1,2,1,1,1,1,2,2,0,1,0,1,0,2,2,1,2,1,2,2,1,1,2,1,2,1,1,1,1,0,2,0,2,1,1,2,2,1,0,0,2,0,0,0,0,1,1,1,0,0,2,2,2,2,1,1,1,1,1,0,1,0,1,0,0,2,2,2,2,1,2,2,2,1,2,1,2,1,2,0,1,2,1,2,0,2,2,1,2,1,1,2,2,1,2,1,2,1,1,2,1,1,2,0,2,1,1,1,1,2,1,2,2,0,1,1,1,2,2,2,0,1,1,2,1,2,2,0,1,1,2,2,2,2,1,0,2,1
158,Bred_0316,2,2,0,2,2,0,0,2,2,2,2,2,2,2,2,0,0,2,0,2,0,2,2,2,2,2,2,2,2,0,2,2,2,0,2,2,0,2,0,2,0,2,2,0,0,2,0,2,2,0,2,2,1,2,0,2,2,2,2,2,0,0,0,2,0,2,2,0,2,0,2,2,2,0,2,1,2,2,2,2,0,0,2,0,2,0,0,2,2,2,0,0,2,2,0,0,0,0,0,0,0,0,2,2,2,2,0,2,2,0,2,0,2,0,2,0,0,2,1,2,2,0,2,2,2,2,2,2,2,0,2,0,0,2,0,2,0,2,2,2,2,2,2,2,2,2,2,0,2,2,0,2,2,2,2,0,2,1,1,2,2,2,2,2,2,0,0,2,2,2,2,2,0,1,0,2,0,2,2,0,2,2,2,2,1,2,2,0,2,0
159,Bred_0318,2,2,0,0,1,2,2,0,0,0,0,2,2,0,2,0,2,2,2,0,2,2,0,0,0,0,0,2,2,0,2,2,2,0,2,2,0,1,2,2,0,2,2,2,2,2,2,1,0,2,0,2,2,2,1,2,2,2,0,2,2,2,2,2,2,0,0,0,2,2,0,0,2,2,0,2,2,0,0,2,2,2,0,0,0,2,2,2,2,2,2,0,2,0,2,2,2,2,0,2,2,2,0,2,2,2,0,2,2,2,2,2,2,0,2,2,2,2,2,0,2,0,2,0,2,2,1,2,2,0,0,0,0,2,2,0,2,2,0,2,2,0,0,2,2,2,0,0,2,2,0,0,0,2,2,1,0,1,1,0,1,2,2,2,2,2,2,2,0,2,0,2,2,1,2,0,2,2,0,0,2,0,1,0,0,0,0,2,2,0
160,Bred_0319,0,2,0,0,0,2,2,0,2,2,2,0,0,0,2,0,2,0,2,0,0,2,0,2,0,0,0,2,2,2,0,2,2,0,2,0,2,2,0,0,0,2,0,2,0,2,2,2,0,0,1,2,2,0,1,0,2,2,0,2,2,0,2,0,2,0,0,0,0,0,2,0,2,0,2,0,0,0,0,2,0,2,0,0,0,0,1,0,0,2,2,0,2,2,2,2,2,2,0,2,2,2,0,2,1,0,2,2,2,0,2,2,2,0,2,2,0,0,0,1,0,0,2,2,0,2,0,2,2,0,0,0,0,2,2,2,2,0,0,2,0,0,0,2,0,2,2,2,2,2,2,0,0,2,2,0,0,2,2,2,2,2,0,0,0,2,2,0,2,2,0,0,2,2,2,2,0,2,0,0,0,2,1,0,2,0,0,2,2,0
161,Bred_0326,2,1,2,1,1,1,1,1,2,2,1,1,1,1,0,2,2,2,1,1,1,1,1,1,1,1,2,1,0,0,1,0,1,1,1,2,1,2,1,1,0,1,1,1,0,1,1,2,1,1,1,0,1,1,0,2,1,1,1,1,1,1,1,1,1,2,1,0,2,1,2,1,0,1,1,1,1,1,1,0,1,1,1,0,1,1,1,2,2,1,1,0,2,0,0,1,1,1,1,1,1,1,1,2,2,0,2,1,0,1,1,1,0,1,1,1,1,2,1,2,1,0,2,1,1,1,2,1,2,0,1,0,1,0,0,1,1,2,1,1,1,1,1,1,2,1,0,0,2,1,1,1,1,1,1,0,1,1,1,1,0,1,2,2,2,1,1,2,1,2,1,2,1,2,2,1,1,1,1,0,1,2,1,1,2,1,1,1,1,1
162,Bred_0327,0,1,0,1,1,1,1,1,2,2,2,2,1,1,0,0,1,0,1,1,0,1,1,2,2,2,2,2,2,2,2,2,2,1,1,0,1,1,0,2,1,1,1,2,1,2,2,1,1,0,0,2,1,1,1,0,0,2,2,0,2,0,1,1,2,2,2,0,0,0,2,1,1,0,2,2,1,2,2,2,0,2,1,0,1,1,1,0,0,2,1,1,2,1,1,2,2,1,0,1,2,2,2,1,2,1,1,1,1,0,0,1,2,1,2,2,2,1,0,2,0,1,1,1,2,1,0,2,2,1,2,1,2,2,1,1,2,0,1,1,1,2,2,0,1,2,2,1,2,0,1,1,2,2,0,1,0,2,2,1,2,2,0,1,0,2,1,0,2,2,0,0,2,1,1,2,1,2,1,1,2,2,1,2,2,1,2,0,2,0
163,Bred_0329,0,0,1,1,1,1,1,1,2,1,2,2,1,0,0,1,0,0,1,1,1,0,1,1,2,1,1,1,1,1,1,1,1,2,1,0,1,1,1,1,2,1,1,1,0,2,1,1,1,1,1,1,1,1,0,1,1,1,2,0,1,1,1,1,1,1,1,1,0,1,2,1,0,1,1,1,1,1,2,1,1,1,2,1,1,1,1,0,0,1,1,1,2,0,1,1,1,1,1,1,1,1,2,0,2,1,1,1,1,1,0,0,1,1,1,1,1,1,1,2,1,2,0,1,1,1,1,1,1,1,1,1,1,1,0,2,1,1,2,1,1,1,1,1,1,1,2,1,2,0,1,1,1,1,1,1,1,1,1,1,1,1,0,1,0,1,1,0,1,2,1,0,1,1,0,1,1,1,0,1,1,1,1,1,1,2,1,1,1,1
164,Bred_0330,1,2,1,1,2,1,1,0,2,1,0,1,1,1,1,1,1,1,1,1,2,2,2,2,1,1,0,1,1,1,1,1,1,0,1,1,1,1,1,1,0,2,1,1,2,1,0,1,1,1,2,2,1,1,0,1,0,1,1,1,1,1,1,1,1,0,2,1,1,2,1,1,0,1,2,1,1,1,1,2,2,1,1,1,2,1,1,1,1,1,0,1,2,0,0,1,1,1,1,1,0,1,1,1,2,1,1,1,2,2,2,0,1,1,1,1,0,1,1,1,1,0,2,2,1,1,0,1,1,1,0,1,1,1,0,2,1,1,1,0,2,1,2,1,1,1,1,0,2,1,1,0,2,1,1,1,2,0,0,2,0,1,1,1,1,1,1,1,1,1,1,1,1,0,1,2,1,1,1,0,1,1,1,1,0,2,1,2,1,1
165,Bred_0331,0,0,0,0,0,0,0,2,2,2,0,0,2,0,2,0,2,0,2,1,0,0,0,0,0,0,2,0,2,0,0,2,0,0,0,0,2,0,0,0,0,2,2,2,0,0,2,0,0,0,2,2,0,0,0,0,2,2,0,2,2,0,0,0,2,0,0,0,0,0,2,0,0,0,0,0,0,0,2,2,0,2,0,2,0,0,0,0,0,0,2,2,2,2,0,2,0,0,0,2,2,2,0,2,0,2,0,0,2,0,0,2,2,0,0,2,2,0,0,2,0,0,2,0,0,2,0,2,2,0,2,2,2,2,2,0,2,0,0,2,2,2,1,2,2,0,0,2,2,2,0,2,1,0,2,0,0,2,2,0,2,2,0,0,0,2,2,0,0,2,2,0,2,0,2,0,0,2,0,2,0,0,2,0,0,0,0,0,2,0
166,Bred_0335,2,0,0,1,2,1,1,0,2,2,1,1,1,0,2,1,2,2,1,0,0,0,0,2,1,0,0,0,2,0,2,2,0,0,0,2,2,0,0,1,0,0,1,2,1,2,1,0,0,0,0,2,2,1,2,0,2,2,1,0,1,0,1,1,2,0,1,0,1,0,2,0,1,0,0,1,2,0,2,2,0,1,1,2,0,0,0,1,1,1,0,2,2,0,2,1,2,0,0,1,1,1,1,1,2,2,0,0,2,0,0,2,2,1,0,1,2,1,1,2,1,0,1,1,1,0,2,0,2,2,0,2,2,2,2,1,1,2,1,1,2,0,1,2,2,0,1,2,2,1,0,1,1,0,2,1,0,2,2,0,2,2,2,1,1,1,1,1,0,2,2,1,1,0,2,1,0,2,0,2,1,0,1,0,0,2,1,0,2,0
167,Bred_0336,1,0,2,2,2,2,2,0,0,0,0,0,2,0,2,2,2,1,2,2,0,0,2,0,2,2,2,2,2,2,0,2,2,2,2,1,2,1,2,0,2,2,2,2,0,0,2,1,2,2,2,0,2,1,2,0,2,2,0,2,2,0,2,0,2,0,0,0,0,0,0,2,2,0,0,2,0,2,0,2,0,1,0,2,0,0,0,1,1,0,2,2,2,0,2,2,2,2,0,0,2,2,2,2,1,2,0,2,0,0,0,2,0,2,2,2,0,1,0,0,1,2,2,0,0,0,0,0,2,0,0,2,0,0,2,0,2,0,0,2,0,1,2,2,0,2,2,2,2,0,0,0,2,2,2,0,2,0,0,2,0,2,0,1,0,2,0,0,0,2,2,0,2,1,2,0,2,2,0,2,0,0,2,0,0,0,2,0,2,0
168,Bred_0339,0,2,0,0,0,0,0,2,2,2,2,0,1,2,0,2,2,0,0,2,2,2,0,2,2,2,2,2,0,1,0,0,2,2,0,0,2,2,0,0,2,0,1,0,2,0,0,2,0,0,1,0,0,2,2,0,2,0,2,2,0,2,0,1,0,0,2,2,0,2,2,1,0,2,0,1,0,2,0,0,2,0,2,0,2,0,2,0,0,0,0,1,2,2,0,0,0,0,2,2,0,0,2,2,1,1,2,0,0,2,2,0,0,0,2,0,2,1,2,2,2,2,2,2,0,2,2,2,2,2,2,1,0,1,1,2,0,1,2,0,0,0,1,0,1,0,1,0,2,1,2,2,1,2,0,2,0,2,2,0,2,0,0,0,0,0,2,0,1,2,2,0,0,2,2,2,0,0,2,2,0,2,1,2,2,2,1,2,0,2
169,Bred_0342,2,2,2,2,2,2,2,0,2,2,2,1,2,2,2,2,0,2,2,0,0,2,2,0,2,0,2,0,2,2,2,2,0,0,0,2,2,2,0,2,0,0,2,2,0,2,2,2,0,0,0,2,2,2,2,0,0,2,2,0,2,0,2,2,2,2,0,0,2,0,2,0,0,0,2,2,1,0,2,2,0,2,0,2,0,0,0,2,2,2,2,2,2,2,0,2,2,0,0,0,2,2,2,0,2,2,0,0,2,0,2,2,2,2,0,2,2,2,2,2,2,0,0,0,2,0,2,0,2,0,2,2,2,2,2,0,2,2,0,2,2,2,1,2,0,0,2,2,2,0,0,0,1,0,2,2,2,2,2,0,2,2,2,2,2,2,0,2,1,2,2,2,2,2,0,2,0,2,2,2,1,2,2,0,2,0,2,0,2,0
170,Bred_0343,2,0,0,2,2,1,2,0,2,2,2,2,0,0,2,0,2,2,0,0,0,0,0,2,0,0,1,0,2,0,2,2,0,0,0,2,2,0,0,2,0,0,0,2,2,2,2,0,0,0,0,2,2,2,2,0,2,2,0,0,2,0,2,2,2,0,2,0,2,0,2,0,2,0,0,2,2,0,2,2,0,0,0,2,0,0,0,2,2,2,0,2,2,0,2,0,2,0,0,0,2,2,0,0,2,2,0,0,2,0,0,2,2,2,0,2,2,2,2,2,2,0,0,2,2,0,2,0,2,2,1,2,2,2,2,2,2,2,0,0,2,0,2,2,2,0,2,2,2,0,0,0,2,0,2,2,0,2,2,0,2,2,2,2,2,2,0,2,0,2,2,2,2,0,2,2,0,2,0,2,2,0,2,0,0,2,2,0,2,0
171,Bred_0344,2,0,0,0,0,0,0,1,2,1,1,0,0,0,2,0,0,2,2,0,2,0,0,2,1,0,0,0,1,0,0,1,0,0,1,2,1,2,0,0,0,1,0,0,0,0,0,2,1,0,2,1,0,0,2,2,2,1,1,0,0,1,0,1,0,0,0,1,2,2,1,0,2,0,0,1,0,0,0,1,1,1,1,1,0,2,1,2,2,0,0,1,2,2,2,0,0,0,1,2,0,0,1,0,1,1,0,1,1,2,0,0,1,0,0,0,2,2,0,1,0,0,0,2,0,2,0,2,2,0,1,1,2,1,0,2,0,0,1,0,0,2,2,1,2,2,2,0,2,2,1,1,2,0,1,0,0,2,2,1,2,1,2,2,2,0,2,2,2,2,2,2,0,2,0,2,0,1,0,1,0,0,2,0,2,2,2,2,1,1
172,Bred_0347,1,1,1,0,0,0,0,1,1,1,0,0,0,1,2,0,0,1,0,0,1,1,0,1,1,0,0,0,1,1,1,1,0,1,2,1,1,1,1,0,1,1,0,0,0,0,0,1,2,2,1,1,0,1,2,2,2,1,1,0,0,0,0,1,0,1,1,1,2,1,0,0,2,0,1,1,1,0,0,1,0,1,1,1,1,2,0,1,1,0,0,1,2,2,2,1,0,0,1,1,0,0,1,0,2,1,2,2,1,1,1,0,0,1,0,0,1,1,1,1,1,1,0,1,1,2,0,2,2,0,1,1,2,1,1,2,0,1,1,0,0,2,1,0,1,2,2,1,2,2,2,1,1,0,0,0,0,2,2,1,1,1,2,1,2,0,1,1,1,2,2,2,0,1,0,1,1,1,1,2,0,1,2,1,2,2,1,2,1,1
173,Bred_0349,2,0,0,2,2,2,2,1,2,2,2,2,0,0,2,0,2,2,0,0,0,0,0,2,1,0,2,0,2,0,2,2,0,0,0,2,2,0,0,2,0,0,0,2,2,2,0,0,0,0,0,2,2,2,0,0,2,2,1,0,1,0,2,2,2,0,2,0,2,0,2,0,2,0,0,2,2,0,2,2,0,0,2,2,0,0,0,2,2,2,0,2,2,0,2,0,2,0,0,0,0,0,1,0,2,2,0,0,2,0,0,2,2,2,0,0,2,2,2,2,2,0,0,2,2,0,2,0,2,2,1,2,2,2,2,2,0,2,1,0,2,0,2,2,2,0,2,2,2,0,0,1,2,0,2,2,0,2,2,0,2,2,2,2,2,1,0,2,0,2,2,2,0,0,2,2,0,2,0,2,2,0,2,0,0,2,2,0,2,0
174,Bred_0354,0,1,2,2,2,1,1,0,1,1,1,1,1,2,2,2,1,0,2,0,0,1,2,1,1,0,2,0,2,0,1,2,0,0,0,0,2,1,0,2,0,1,1,1,2,2,0,1,1,1,0,1,1,1,2,0,1,2,2,1,1,0,1,2,1,1,1,0,0,0,0,1,1,0,1,2,1,0,2,2,0,2,1,2,1,2,0,0,0,2,2,2,2,0,1,2,1,0,0,0,0,1,2,1,2,2,0,0,1,0,1,2,2,2,0,1,2,2,1,1,1,0,1,1,0,0,1,0,2,1,2,2,0,2,2,0,1,2,1,2,2,2,1,2,2,0,2,2,2,0,0,0,1,0,2,2,2,2,2,0,2,2,0,2,0,1,0,0,2,2,1,0,0,1,1,2,1,2,2,2,2,2,1,1,2,0,2,1,2,0
175,Bred_0355,0,2,0,0,1,0,0,2,2,0,2,0,0,0,0,0,0,0,0,2,2,2,0,0,0,2,0,2,2,2,2,2,2,0,0,0,0,2,2,0,0,0,0,0,0,0,0,2,2,2,1,2,0,0,0,2,2,2,0,2,0,0,0,2,1,0,2,2,0,1,2,0,2,0,2,0,0,2,0,2,1,2,0,0,2,2,0,0,0,0,0,0,2,2,2,2,0,2,2,0,0,0,0,2,2,2,0,0,2,2,2,0,2,0,2,0,0,0,2,2,0,0,2,0,2,0,2,0,1,0,0,0,2,2,2,0,0,2,0,0,0,2,2,2,0,0,0,2,2,0,0,2,2,2,1,0,0,0,0,0,0,2,0,0,0,0,0,0,0,2,2,0,0,2,0,0,2,2,0,0,0,0,2,2,2,0,2,0,2,2
176,Bred_0357,0,0,0,0,1,0,0,0,2,2,0,0,0,0,0,0,0,0,0,2,0,0,0,0,0,2,0,2,0,2,0,0,2,0,0,0,2,2,0,0,0,0,0,0,0,0,0,2,0,0,2,0,0,0,0,2,2,2,1,0,0,0,0,0,1,2,0,0,0,0,2,0,0,0,0,2,0,2,0,0,0,2,0,0,0,0,0,0,0,0,2,0,2,0,0,2,0,0,0,2,0,0,0,0,2,0,2,0,0,0,0,2,0,0,2,0,0,1,2,2,0,0,0,0,2,2,1,2,1,2,0,0,0,0,2,0,0,0,0,2,2,0,2,2,0,0,2,0,2,2,2,0,2,2,2,2,0,2,2,0,2,2,0,1,0,0,2,0,0,2,0,0,0,2,0,0,0,2,0,0,0,2,1,0,2,0,2,0,2,0
177,Bred_0359,2,2,2,1,1,2,2,2,0,0,2,2,2,2,2,1,2,2,0,2,0,2,2,0,2,2,0,2,2,0,2,2,2,2,2,2,0,2,0,2,0,0,2,0,1,2,0,2,0,0,2,2,2,2,2,2,2,2,2,2,0,0,2,0,0,2,0,0,2,0,0,0,2,0,1,2,2,2,2,2,0,2,1,2,1,1,0,2,2,2,0,2,2,2,2,2,2,0,0,2,0,0,2,2,2,2,2,2,2,0,2,0,2,1,2,0,2,2,2,0,2,0,2,0,2,2,2,2,2,2,0,2,2,2,2,0,0,2,2,0,2,2,2,2,2,2,0,2,2,2,2,2,2,2,2,2,2,0,0,0,0,2,2,2,2,0,2,2,0,2,0,2,0,0,2,0,0,2,2,2,2,2,2,0,2,0,2,0,2,0
178,Bred_0360,0,0,2,2,0,2,2,0,0,0,0,2,0,2,0,2,2,0,0,2,0,0,0,0,0,2,2,2,2,2,0,2,2,2,2,0,2,2,2,2,2,0,0,2,0,2,2,2,2,2,0,2,2,2,0,2,2,0,0,2,2,0,2,1,2,2,0,0,0,0,0,0,0,0,0,0,2,2,2,2,0,0,0,2,0,2,0,0,0,2,2,2,2,0,2,0,2,2,0,2,0,0,0,2,2,2,2,2,2,0,0,0,2,2,2,2,2,0,2,0,2,2,2,0,2,2,2,2,2,2,2,2,2,2,0,0,0,2,0,0,2,0,2,0,0,2,0,0,2,2,0,0,2,2,0,1,0,2,2,2,2,0,0,0,0,2,2,0,0,2,2,0,0,1,2,0,2,0,2,2,2,0,2,0,2,1,0,2,0,1
179,Bred_0362,0,0,0,0,0,2,2,0,2,2,2,2,2,0,2,0,0,0,2,0,0,0,0,2,2,0,0,0,0,2,2,0,0,2,2,0,2,0,2,2,2,0,2,0,0,2,0,0,2,2,0,0,2,0,2,0,0,0,2,0,0,0,2,2,1,0,2,1,0,0,2,0,2,0,1,0,2,0,0,0,0,0,0,0,2,0,0,1,0,2,2,0,2,0,2,0,2,2,0,2,0,0,2,0,2,0,2,2,0,0,0,2,0,0,0,0,0,0,0,2,0,2,0,2,2,2,0,2,2,1,0,0,2,1,2,2,0,0,0,2,0,2,0,0,0,2,2,2,2,0,2,0,0,0,0,0,0,0,0,2,0,0,0,0,0,0,2,0,2,2,0,0,0,0,0,2,2,0,0,0,2,0,2,2,2,2,0,0,0,0
180,Bred_0365,2,2,2,0,0,0,0,1,0,2,2,2,2,0,2,2,1,2,1,2,0,2,2,1,1,2,2,0,0,1,0,0,1,0,1,2,2,1,1,0,0,2,2,1,2,0,0,0,2,2,0,2,0,0,2,2,0,0,1,0,1,0,0,1,1,2,0,0,1,0,0,2,2,1,2,1,0,2,2,0,0,1,2,0,1,1,0,2,2,0,0,1,2,1,2,2,1,1,0,2,0,1,1,0,1,1,1,1,2,0,2,0,2,1,1,1,1,1,1,0,0,1,0,1,1,1,0,1,1,1,0,0,0,0,1,1,1,2,2,1,1,0,2,0,1,2,0,1,2,1,2,0,1,0,0,1,2,2,2,1,1,1,2,2,2,1,2,2,2,1,1,2,0,0,0,2,2,0,1,1,0,0,1,1,2,0,2,1,1,0
181,Bred_0367,0,0,2,2,2,2,2,0,2,2,2,2,0,0,2,2,2,0,2,0,0,0,2,0,2,0,2,0,0,2,0,0,0,0,2,0,0,2,2,2,0,0,0,0,2,2,0,2,2,2,2,0,2,2,2,2,2,2,2,2,0,0,2,0,0,0,0,0,0,0,2,2,0,0,0,0,2,0,2,0,0,2,2,2,0,0,0,0,0,2,0,2,2,2,0,2,2,2,0,0,0,0,2,2,1,2,2,2,0,0,0,2,0,2,0,0,1,0,2,2,2,0,2,0,2,2,2,2,1,2,0,2,0,0,0,0,0,2,2,2,2,0,2,2,0,2,2,2,2,2,2,0,2,0,2,2,2,0,0,2,0,2,0,0,0,0,0,0,2,2,2,0,0,2,2,0,2,2,0,2,2,2,1,0,2,0,2,0,2,0
182,Bred_0368,1,1,2,2,2,1,1,0,1,1,1,0,1,2,2,2,2,1,2,0,0,1,2,1,1,0,2,1,2,1,1,2,1,0,0,1,2,1,1,2,0,1,1,1,1,2,1,1,1,1,0,1,1,2,2,0,1,2,2,2,1,0,1,2,1,1,1,0,1,0,1,1,1,0,1,2,1,1,2,2,0,2,1,2,1,1,0,1,1,2,2,2,2,0,1,2,1,1,0,0,1,1,2,2,2,2,0,0,1,0,1,2,2,2,1,1,2,2,1,1,2,0,2,1,1,0,1,0,2,1,2,2,1,2,2,0,1,2,1,2,1,2,1,2,1,0,2,2,2,0,0,0,1,1,2,2,2,2,2,0,2,2,1,2,1,1,0,1,1,2,1,1,1,1,2,2,1,2,2,2,1,2,1,1,2,0,2,1,2,0
183,Bred_0369,1,1,1,0,0,1,1,1,1,1,1,2,2,1,0,1,1,1,1,1,1,1,0,1,2,1,1,1,0,1,1,0,1,1,0,1,1,1,1,1,0,2,2,0,1,2,0,1,1,1,1,0,1,2,1,1,2,1,2,1,0,1,1,1,0,1,1,1,1,1,1,0,1,1,1,1,2,1,1,0,1,1,2,1,1,1,1,1,1,2,0,1,2,1,2,1,1,1,1,1,0,0,2,1,2,0,1,1,0,1,1,1,0,0,1,0,2,1,1,1,2,0,1,1,1,1,1,2,2,2,1,1,1,0,1,1,0,2,2,1,1,1,1,1,1,0,1,1,2,1,1,1,1,1,1,1,0,1,1,0,2,1,1,1,1,0,1,1,1,2,1,1,0,1,1,1,1,1,1,0,2,2,1,1,0,1,1,2,1,1
184,Bred_0370,0,2,0,0,0,0,0,2,0,0,2,2,2,0,2,0,2,0,0,2,0,2,0,2,0,2,2,2,2,2,0,2,2,2,2,0,0,0,0,0,2,0,2,2,2,0,2,0,0,0,2,2,0,1,2,0,0,2,0,2,2,0,0,2,2,0,2,0,0,0,0,0,0,2,2,0,1,2,2,2,0,2,0,2,2,0,2,0,0,0,2,2,2,0,0,2,0,0,0,2,2,2,0,2,1,2,2,2,2,0,2,2,2,0,2,2,2,0,0,0,2,2,2,2,2,2,0,2,2,2,2,2,2,2,1,2,2,0,0,2,2,2,2,2,0,0,0,2,2,0,2,2,2,2,2,2,0,2,2,2,2,2,0,0,0,2,2,0,2,2,2,0,2,0,1,2,0,2,0,2,2,2,2,2,2,2,2,0,2,0
185,Bred_0371,2,2,2,0,0,2,2,1,0,2,1,2,2,0,0,2,1,2,0,1,2,2,0,2,2,2,0,2,0,0,0,0,2,0,0,2,2,2,0,0,0,2,2,0,2,2,0,2,0,0,2,0,0,2,0,2,2,0,2,2,0,2,2,2,0,2,2,2,2,2,0,0,2,2,2,0,2,2,0,0,2,0,2,0,2,2,2,2,2,2,0,0,2,0,2,0,2,0,2,0,0,0,2,2,0,0,0,2,0,2,2,0,0,0,2,0,2,2,2,0,2,0,2,2,0,0,2,2,2,2,0,0,0,0,2,2,0,2,2,0,2,2,0,0,2,0,2,0,2,2,0,0,0,2,0,2,0,2,2,0,2,0,2,2,2,0,2,2,1,2,2,2,0,2,1,0,0,0,0,0,2,2,1,2,0,2,0,2,0,2
186,Bred_0372,0,0,0,0,0,0,0,2,2,2,2,2,0,2,0,2,0,0,2,2,0,0,2,0,0,2,2,0,2,2,0,0,0,0,2,0,2,2,2,0,0,0,0,0,2,0,0,2,2,2,2,2,0,2,0,2,2,2,0,0,0,0,0,0,0,0,0,0,0,0,2,2,2,0,0,2,2,0,2,0,0,0,0,2,0,0,0,0,0,0,0,2,2,0,2,0,0,2,0,2,0,0,0,0,1,2,2,2,2,0,0,0,1,0,0,0,0,0,2,2,2,0,0,0,0,2,2,2,2,2,2,2,2,1,2,0,0,2,0,0,2,2,2,2,0,0,0,2,2,0,2,2,2,0,2,2,2,0,0,2,0,2,0,0,0,0,2,0,0,2,2,0,0,2,0,0,2,2,2,2,2,0,2,0,2,0,2,0,2,0
187,Bred_0373,0,2,0,0,0,0,0,0,2,2,2,0,2,2,0,0,2,0,2,2,0,1,0,0,2,2,2,2,2,2,2,2,2,2,0,0,0,2,2,2,0,2,2,0,0,0,0,2,2,2,0,2,0,2,0,0,2,2,2,2,0,0,0,0,0,2,0,0,0,0,2,0,0,0,2,0,0,2,2,2,0,2,2,2,2,2,0,0,0,0,2,2,2,2,0,2,0,2,0,0,0,0,2,2,2,2,0,0,2,0,2,2,2,0,2,0,0,0,2,2,2,0,2,0,0,2,2,2,2,2,2,2,2,2,0,0,0,2,2,2,0,0,0,2,0,0,0,2,2,2,0,0,0,2,2,2,0,2,2,0,2,2,0,0,0,0,0,0,0,2,2,0,0,2,2,0,2,2,2,2,0,0,2,2,2,0,0,0,2,0
188,Bred_0374,0,2,2,2,2,2,2,0,2,2,2,0,2,1,2,0,0,0,0,0,0,2,0,0,0,0,0,0,0,2,2,0,0,0,2,0,2,2,2,2,0,2,2,2,0,2,2,2,0,2,2,2,2,2,2,0,2,0,0,0,2,0,2,2,2,0,0,0,0,0,2,0,2,0,2,0,0,0,0,0,0,2,0,2,0,0,0,0,0,2,2,2,2,2,2,2,2,2,0,0,2,2,0,0,2,0,2,2,2,0,2,2,2,2,0,2,2,0,2,2,2,0,0,0,0,2,2,2,2,1,0,2,2,2,0,0,2,2,0,2,0,2,0,0,0,2,2,2,2,2,2,0,0,0,0,0,0,0,0,2,0,0,0,0,0,2,0,0,2,2,0,0,2,2,0,0,2,0,0,2,2,2,2,0,0,0,0,2,0,0
189,Bred_0378,1,1,1,1,1,1,1,1,1,1,1,2,0,1,0,1,1,1,2,1,1,1,2,0,1,1,1,1,0,1,2,0,1,1,0,1,1,2,2,2,1,0,0,1,1,1,1,2,2,2,0,1,2,2,0,1,1,2,1,1,1,1,1,0,1,1,1,1,1,1,1,2,1,0,1,1,2,1,2,0,1,1,1,0,0,1,0,1,1,1,1,0,2,1,1,1,0,2,1,1,1,1,1,1,2,0,1,0,0,1,1,1,1,1,1,1,2,1,2,1,2,1,1,0,1,1,2,1,2,1,1,0,1,0,2,0,1,1,1,1,1,0,0,2,1,0,2,0,2,1,1,1,0,1,2,1,2,0,0,0,0,2,1,1,1,1,1,1,1,1,1,1,1,2,1,0,2,2,1,0,2,1,1,0,1,1,0,1,2,1
190,Bred_0379,2,2,2,2,2,0,0,2,0,0,2,2,0,0,2,0,2,2,0,0,0,2,2,0,2,0,0,2,2,0,2,2,2,0,2,2,2,2,0,0,0,0,0,0,2,0,0,2,0,0,0,0,0,0,2,2,2,0,2,2,0,0,0,2,0,0,0,0,2,0,0,0,0,0,2,0,2,2,2,2,0,0,2,2,0,0,0,2,2,0,0,2,2,2,0,0,0,0,0,0,0,1,2,2,1,2,2,2,0,0,2,0,0,2,2,0,2,2,0,0,0,0,2,0,0,2,0,2,2,1,2,2,0,2,2,0,0,0,2,0,2,0,0,0,2,2,2,2,2,2,2,2,0,2,0,2,2,2,2,2,2,0,2,2,2,0,0,2,0,2,0,2,0,2,2,0,0,0,0,2,2,0,1,0,2,0,0,0,0,0
191,Bred_0381,2,2,0,2,2,0,0,2,2,2,0,0,0,0,2,2,0,2,2,0,0,2,2,2,0,0,2,0,0,0,0,0,0,0,2,2,2,0,2,0,0,2,0,0,2,0,0,0,2,2,2,0,0,2,0,2,0,0,0,0,0,0,0,2,0,0,0,0,2,0,2,2,2,0,2,2,0,0,2,0,0,0,0,2,0,0,0,2,2,0,0,2,2,2,2,0,0,2,0,0,0,0,0,0,1,0,0,2,0,0,2,0,0,2,0,0,0,2,2,2,2,0,0,2,0,2,2,2,2,2,2,2,0,0,2,0,0,2,0,0,1,2,2,0,2,2,2,2,2,0,0,2,2,0,0,2,2,0,0,2,0,0,2,2,2,0,0,2,0,2,0,2,0,0,0,0,2,0,0,2,0,0,1,0,2,2,2,2,0,0
192,Bred_0382,2,2,2,2,2,0,0,2,2,2,2,2,1,0,2,2,2,2,2,2,2,2,0,0,2,2,2,2,2,0,1,2,2,2,2,2,0,0,2,0,2,2,1,2,0,2,2,0,2,2,0,2,0,2,2,2,2,2,2,2,2,2,0,2,2,0,0,2,2,2,2,2,2,2,0,2,0,2,2,2,2,2,2,2,0,0,2,2,2,2,0,2,2,2,0,2,0,2,2,2,2,2,2,1,1,2,2,2,2,2,2,0,2,2,2,2,2,2,2,2,2,2,2,0,2,2,2,2,2,2,2,2,2,2,0,0,2,0,2,0,0,2,0,0,2,2,0,2,2,2,2,2,0,2,0,2,0,1,1,2,0,2,2,2,2,2,2,2,0,2,2,2,2,0,2,0,2,0,0,2,2,0,2,2,0,0,0,2,0,2
193,Bred_0387,0,0,2,0,0,2,2,1,2,2,0,0,2,0,0,2,2,0,0,2,2,0,2,0,2,2,2,2,2,0,2,2,2,2,0,0,0,2,2,0,2,2,2,2,2,2,2,2,2,2,2,0,2,2,2,0,2,0,2,2,2,2,2,0,2,0,2,2,0,2,2,2,2,2,2,0,0,2,0,2,2,0,2,2,2,0,2,0,0,2,0,2,2,0,2,0,2,1,2,2,2,2,2,2,2,2,2,0,0,2,0,0,2,0,2,2,2,0,0,2,2,2,2,0,2,2,0,2,2,2,2,2,2,2,2,0,2,0,2,0,2,0,0,0,2,0,0,2,2,2,2,1,0,2,0,2,2,0,0,0,0,0,0,0,0,2,2,0,2,2,2,0,2,1,2,0,2,0,0,2,0,0,2,2,2,2,0,0,0,2
194,Bred_0389,0,0,1,1,1,1,1,1,2,2,0,0,2,1,0,2,1,0,1,1,2,0,1,1,1,1,1,1,2,1,2,2,1,2,0,0,1,2,2,1,2,2,2,1,2,1,1,2,2,2,2,1,1,2,2,0,1,0,1,1,1,1,1,0,1,0,2,2,0,1,2,2,2,2,2,1,0,2,1,2,1,1,1,2,2,0,1,0,0,1,0,2,2,0,2,0,1,1,1,2,1,1,1,1,2,2,2,0,1,2,0,0,2,1,1,1,2,0,1,2,1,2,1,1,1,1,2,1,2,2,2,2,2,2,2,1,1,0,1,0,2,1,0,0,1,0,1,2,2,1,2,1,0,1,0,2,1,0,0,1,0,0,0,0,0,1,2,0,2,2,2,0,1,1,1,1,2,0,0,2,0,1,2,2,2,2,0,1,0,1
195,Bred_0390,2,2,2,1,1,2,2,2,0,0,2,2,2,2,2,2,2,2,0,2,0,2,2,0,2,2,0,2,2,0,2,2,2,2,2,2,0,2,0,2,0,0,2,0,0,2,0,2,0,0,2,2,2,2,2,2,2,2,2,2,0,0,2,0,0,2,0,0,2,0,0,0,2,0,2,2,2,2,2,2,0,2,2,2,0,0,0,2,2,2,0,2,2,2,2,2,2,0,0,2,0,0,2,2,2,2,2,2,2,0,2,0,2,1,2,0,2,2,2,0,2,0,2,0,2,2,2,2,2,2,0,2,2,2,2,0,0,2,2,0,2,2,2,2,2,2,0,2,2,2,2,2,2,2,2,2,2,0,0,0,0,2,2,2,2,0,2,2,0,2,0,2,0,0,2,0,0,2,2,2,2,2,2,0,2,0,2,0,2,0
196,Bred_0392,2,2,2,1,2,1,1,0,2,2,1,1,1,2,1,1,1,2,1,1,0,2,2,1,1,0,0,1,2,2,2,2,1,2,1,2,1,1,0,2,2,2,1,2,1,2,2,1,2,0,0,2,1,2,1,1,0,1,1,1,2,0,1,1,2,1,1,0,2,0,2,2,1,0,2,2,1,1,2,2,0,2,1,2,0,0,0,2,2,1,1,2,2,0,2,2,2,1,0,0,2,2,1,1,2,2,0,1,2,0,2,2,2,1,1,2,2,1,1,2,2,2,1,1,1,0,0,0,2,2,1,2,0,2,2,1,2,2,1,1,1,2,1,2,1,1,1,2,2,0,0,0,1,1,2,2,2,1,0,1,1,1,2,1,2,2,1,2,0,2,2,2,2,0,1,1,1,2,2,1,1,1,1,0,0,1,2,2,2,0
197,Bred_0393,0,2,0,0,0,0,0,2,0,0,2,2,2,0,2,0,2,0,0,2,0,2,0,2,0,2,2,2,2,2,0,2,2,2,2,0,0,0,0,0,2,0,2,2,2,0,2,0,0,0,2,2,0,2,2,0,0,2,0,2,2,0,0,2,2,0,2,0,0,0,0,0,0,2,2,0,1,2,2,2,0,2,0,2,2,0,2,0,0,0,2,2,2,0,0,2,0,0,0,2,2,2,0,2,1,2,2,2,2,0,2,2,2,0,2,2,2,0,0,0,2,2,2,2,2,2,0,2,1,2,2,2,2,2,2,2,2,0,0,2,2,2,2,2,0,0,0,2,2,0,2,2,2,2,2,2,0,2,2,2,2,2,0,0,0,2,2,0,2,2,2,0,2,0,2,2,0,2,0,2,2,2,2,2,2,2,2,0,2,0
198,Bred_0394,0,0,2,0,0,2,2,1,2,2,0,0,2,0,0,2,2,0,0,2,2,0,2,0,2,2,2,2,2,0,2,2,2,2,0,0,0,2,2,0,2,2,2,2,2,2,2,2,2,2,2,0,2,2,2,0,2,0,2,2,2,2,2,0,2,0,2,2,0,2,2,2,2,2,2,0,0,2,0,2,2,0,2,2,2,0,2,0,0,2,0,2,2,0,2,0,2,1,2,2,2,2,2,2,2,2,2,0,0,2,0,0,2,0,2,2,2,0,0,2,2,2,2,0,2,2,0,2,1,2,2,2,2,2,2,0,2,0,2,0,2,0,0,0,2,0,0,2,2,2,2,1,0,2,0,2,2,0,0,0,0,0,0,0,0,2,2,0,2,2,2,0,2,1,2,0,2,0,0,2,0,0,2,2,2,2,0,0,0,2
199,Bred_0396,2,2,2,2,2,0,0,0,0,0,2,0,2,2,2,2,0,2,2,0,1,2,2,2,0,0,0,0,1,0,0,1,0,0,0,2,1,0,2,2,0,2,2,0,2,0,0,0,2,2,2,2,0,0,2,2,0,0,2,0,0,0,0,2,0,2,0,2,2,1,0,2,2,1,2,0,0,0,0,1,1,0,2,0,0,2,1,2,2,0,0,0,2,2,2,0,0,2,1,2,0,0,2,0,1,0,0,0,2,1,2,0,2,2,0,0,2,2,0,0,0,0,0,2,0,0,0,0,2,2,0,0,2,2,2,2,0,0,2,0,0,2,2,0,2,0,0,0,2,0,0,0,2,0,0,1,2,0,0,0,0,0,2,2,2,0,2,2,2,2,1,2,0,0,0,2,2,0,2,0,0,2,2,0,2,0,2,2,0,2
200,Bred_0398,2,2,2,2,2,2,2,2,2,2,2,2,2,2,0,2,1,2,2,2,0,2,2,0,0,2,2,2,0,1,2,0,2,1,0,2,0,2,2,2,0,2,2,2,0,2,2,2,2,2,2,0,2,2,0,2,2,2,0,2,2,0,2,2,2,1,0,0,2,0,2,2,0,0,2,2,2,2,2,0,0,2,0,0,0,0,0,2,2,2,0,0,2,2,0,2,2,2,0,0,2,2,0,2,2,0,2,0,0,0,2,0,0,2,2,2,2,2,2,2,2,0,1,0,2,2,2,2,1,0,2,0,2,0,0,0,2,2,0,0,0,0,2,2,1,0,0,0,2,2,2,2,2,2,2,0,2,0,0,0,0,2,2,2,2,2,0,2,1,2,1,2,2,2,2,0,2,2,2,0,2,2,1,0,2,0,2,2,2,0
201,Bred_0399,0,2,2,1,1,2,2,0,0,0,0,2,2,2,2,2,0,0,0,0,1,2,0,2,0,0,0,0,2,2,2,2,0,0,0,0,0,2,0,2,0,0,2,0,0,2,0,2,2,0,0,0,2,2,2,0,0,2,0,0,0,1,2,1,0,2,2,0,0,1,0,0,2,1,2,0,0,0,0,2,0,2,0,0,2,2,1,0,0,2,2,0,2,2,2,2,2,0,0,2,1,1,0,0,2,2,0,0,0,1,2,2,0,1,0,0,0,0,2,0,2,0,0,2,0,0,2,0,1,2,0,0,0,2,0,2,1,2,0,2,2,0,0,2,0,0,1,0,2,0,0,0,0,0,2,0,0,2,2,0,2,2,0,0,0,0,2,0,0,2,2,0,0,2,0,2,0,2,2,0,2,2,1,2,1,2,0,0,2,0
202,Bred_0400,0,2,0,2,2,2,2,2,0,1,2,1,2,2,2,0,0,0,2,0,0,2,2,0,0,0,2,0,2,2,0,2,0,2,0,0,2,2,2,2,2,2,2,2,2,0,2,2,2,2,0,2,2,2,2,0,2,2,0,0,2,0,1,0,2,0,2,0,0,0,0,2,0,1,2,2,2,0,2,2,0,0,0,2,1,0,0,0,0,0,2,2,2,2,2,0,2,2,0,1,2,2,0,0,2,2,0,0,2,0,2,2,2,2,0,2,2,0,2,0,2,2,0,0,2,0,2,0,2,0,2,2,0,2,2,0,2,2,0,2,2,1,0,2,0,0,2,0,2,2,0,2,0,0,2,0,2,2,2,2,2,2,0,0,0,2,1,0,1,2,0,0,2,2,0,0,2,0,2,0,0,0,2,1,0,2,2,1,0,0
203,Bred_0405,2,2,2,2,2,2,2,2,2,2,2,2,2,2,0,2,1,2,2,2,0,2,2,0,0,2,2,2,0,1,2,0,2,1,0,2,0,2,2,2,0,2,2,2,0,2,2,2,2,2,2,0,2,2,0,2,2,2,0,2,2,0,2,2,2,1,0,0,2,0,2,2,0,0,2,2,2,2,2,0,0,2,0,0,0,0,0,2,2,2,0,0,2,2,0,2,2,2,0,0,2,2,0,2,2,0,2,0,0,0,2,0,0,2,2,2,2,2,2,2,2,0,1,0,2,2,2,2,2,0,2,0,2,0,0,0,2,2,0,0,0,0,2,2,1,0,0,0,2,2,2,2,2,2,2,0,2,0,0,0,0,2,2,2,2,2,0,2,1,2,0,2,2,2,2,0,2,2,2,0,2,2,1,0,2,0,2,2,2,0
204,Bred_0406,2,2,1,1,2,2,2,2,2,1,2,1,1,2,1,0,1,2,1,1,1,2,2,0,0,1,2,2,0,1,1,1,2,1,1,2,1,1,2,1,0,2,1,2,1,2,1,1,2,2,2,1,1,1,1,2,2,2,0,2,2,1,2,2,1,2,0,1,2,1,1,2,1,1,2,1,1,1,2,0,1,1,0,0,1,1,1,2,2,2,1,1,2,2,1,1,2,1,1,0,1,1,0,2,2,1,1,1,1,1,2,2,0,1,2,1,2,2,1,1,1,1,2,0,2,1,2,2,2,0,2,0,1,1,1,0,1,1,0,1,1,1,2,2,2,1,1,1,2,2,1,2,2,2,2,0,2,0,0,1,0,2,2,2,2,2,0,2,0,2,1,2,1,2,1,1,2,2,2,1,2,1,1,1,1,0,1,2,2,1
205,Bred_0408,2,2,0,0,0,2,2,1,0,0,2,2,1,1,0,0,1,2,2,2,2,2,2,0,0,2,1,2,2,0,2,2,2,2,0,2,2,0,2,0,2,2,1,2,2,1,2,0,2,2,1,2,0,0,2,2,2,2,0,2,2,2,2,1,2,0,0,2,2,2,0,2,2,2,0,0,2,2,2,2,2,2,0,2,2,0,2,2,2,2,2,2,2,2,2,2,0,2,2,0,2,2,0,2,2,2,0,0,2,2,2,2,0,0,2,2,2,2,0,0,0,2,2,0,2,0,2,1,2,0,0,2,0,2,2,0,2,0,0,2,2,0,2,2,2,0,2,2,2,2,0,1,2,2,2,0,2,0,0,0,0,2,2,2,2,2,0,2,0,2,2,2,2,0,0,2,2,2,1,2,1,0,1,1,0,0,0,2,2,2
206,Bred_0409,2,0,0,2,2,2,2,1,2,2,2,2,0,0,0,0,2,2,0,0,0,0,0,2,2,1,1,0,2,0,2,2,0,0,0,2,2,0,0,2,0,0,0,0,2,2,0,0,0,0,0,2,2,2,0,0,2,2,0,0,0,0,2,2,0,0,2,0,1,0,2,0,2,0,0,2,2,0,2,2,0,0,0,2,0,0,0,2,2,2,0,2,2,0,2,0,2,0,0,0,0,0,0,0,2,2,0,0,2,0,0,0,2,2,0,0,2,2,2,2,2,0,0,2,2,0,2,0,2,2,1,2,2,2,2,2,0,2,0,0,2,0,2,2,1,0,2,2,2,0,0,1,2,0,2,2,0,2,2,1,2,2,1,2,2,0,0,2,0,2,2,2,0,0,2,2,0,2,0,2,2,0,2,0,0,2,2,0,2,1
207,Bred_0412,0,2,2,2,2,0,0,0,2,2,2,2,2,0,0,2,2,0,2,0,1,2,2,0,0,0,0,0,2,2,2,2,0,2,0,0,2,2,2,2,2,0,2,2,2,0,2,2,2,2,2,2,2,1,0,0,2,2,0,0,2,1,0,0,2,0,1,0,0,1,2,2,2,0,2,2,2,0,2,2,1,2,2,2,0,0,1,0,0,0,2,2,2,2,2,2,0,2,0,2,2,2,0,2,2,2,2,0,2,1,2,2,2,2,0,2,2,0,2,2,2,2,2,0,2,2,2,2,2,0,0,2,0,2,2,0,2,0,0,2,2,0,0,2,0,0,2,2,2,2,2,0,0,0,2,2,2,2,2,2,2,2,0,0,0,2,2,2,2,0,1,0,2,2,1,0,2,2,0,2,2,2,1,0,0,1,2,2,2,0
208,Bred_0417,1,1,0,0,0,1,1,0,1,1,0,0,1,1,1,1,0,1,2,1,1,1,0,2,1,1,2,0,1,1,1,1,0,1,1,1,1,1,1,1,1,2,1,1,1,1,0,1,0,1,1,2,1,1,2,1,2,0,1,0,1,1,1,1,1,1,1,1,1,1,0,0,1,1,1,1,0,1,0,1,1,1,0,0,1,1,1,1,1,1,1,1,2,0,0,1,1,1,1,1,0,1,1,0,2,0,1,1,1,1,1,1,1,0,0,1,1,1,1,1,1,1,0,2,0,1,1,1,2,2,0,1,0,1,0,1,1,1,0,1,0,1,1,0,1,1,1,1,2,1,1,0,1,0,0,0,0,2,2,1,2,0,1,1,1,1,1,1,1,2,1,1,1,1,0,1,1,0,1,1,0,1,1,1,1,1,2,2,0,1
209,Bred_0418,0,2,2,0,0,0,0,0,2,1,0,2,0,2,2,2,0,0,0,2,2,2,0,2,2,2,0,1,0,2,2,0,1,0,0,0,0,2,0,2,0,0,0,0,0,0,0,2,0,0,0,0,0,1,2,0,2,2,2,0,0,2,0,0,0,2,0,1,0,2,1,0,2,2,0,0,2,1,2,0,2,2,2,2,0,0,2,0,0,0,0,2,2,1,2,2,0,0,2,2,0,0,2,0,2,0,2,0,0,2,2,0,0,0,1,0,0,0,2,1,2,0,0,2,1,2,2,2,0,2,0,2,0,0,2,0,0,2,2,0,2,0,0,2,0,0,0,2,2,2,2,0,0,1,2,2,0,1,1,0,1,2,0,0,0,0,2,0,2,2,0,0,0,2,0,2,0,2,2,2,2,0,1,0,2,0,0,0,2,2
210,Bred_0419,0,0,2,0,0,2,2,0,2,2,2,2,0,2,0,2,0,0,0,0,0,0,2,2,2,0,0,0,0,2,2,0,0,2,0,0,1,2,0,2,2,2,0,0,0,2,0,2,0,0,0,0,2,2,0,0,2,2,2,0,0,0,2,0,0,1,2,0,0,0,2,0,0,0,1,0,2,0,0,0,0,2,2,2,2,2,0,0,0,2,0,2,2,2,0,2,2,0,0,2,2,2,2,0,2,2,2,0,0,0,0,2,0,0,0,0,2,0,2,2,2,2,0,1,2,2,2,2,2,2,0,2,1,0,0,2,2,2,2,2,0,0,0,2,0,0,2,2,2,2,2,0,0,0,2,2,2,0,0,0,0,2,0,0,0,0,2,0,0,2,0,0,2,1,0,2,0,2,2,2,2,2,1,0,2,2,0,2,2,0
211,Bred_0420,2,0,2,2,2,2,2,2,0,0,2,0,2,2,2,2,0,2,2,0,0,0,2,2,2,0,2,0,2,0,0,2,0,2,2,2,2,2,2,0,2,2,2,0,0,2,0,2,2,2,2,2,2,2,2,2,0,1,2,0,0,0,2,1,0,2,0,0,2,0,0,0,2,0,0,1,0,0,2,2,0,0,2,2,0,2,0,2,2,2,0,2,2,2,2,1,2,2,0,0,0,0,2,0,1,2,1,0,2,0,0,0,2,2,0,0,0,2,2,0,2,2,0,2,2,1,2,1,2,2,2,2,2,2,2,2,0,2,2,0,2,0,2,0,2,1,1,2,2,0,2,2,2,0,0,2,2,0,0,0,0,1,0,2,2,0,2,0,0,2,0,2,0,2,0,2,2,0,2,2,2,0,2,0,2,0,2,2,0,0
212,Bred_0421,2,2,2,2,2,0,0,0,0,0,0,0,0,2,2,0,2,2,1,2,0,2,2,0,0,2,0,2,0,2,2,0,2,2,2,2,0,2,2,2,2,2,0,0,0,0,0,2,2,2,0,2,0,2,2,0,2,2,0,2,0,0,0,2,0,2,0,0,2,0,0,2,0,0,2,2,1,2,2,0,0,2,2,2,0,2,0,2,2,0,2,2,2,2,0,2,0,1,0,0,0,0,0,2,2,0,0,2,2,0,2,0,2,2,2,0,2,2,2,0,2,2,2,0,0,0,2,0,2,1,0,2,2,2,2,0,0,0,0,0,2,2,0,2,0,2,0,2,2,0,0,0,0,2,2,2,2,2,2,2,2,2,2,2,2,0,0,2,0,2,1,2,0,2,2,0,2,2,2,2,0,0,2,0,0,0,2,2,2,0
213,Bred_0422,2,0,0,0,0,2,2,0,1,0,0,0,2,0,2,0,2,2,0,0,2,0,0,2,1,0,0,0,2,0,2,2,0,0,2,2,2,1,0,0,0,0,2,0,0,2,0,1,0,0,2,2,0,0,2,2,1,2,0,2,0,2,1,1,0,0,0,2,2,2,0,0,2,2,0,2,0,0,0,2,2,0,0,2,0,0,2,2,2,2,2,2,2,0,2,0,2,0,2,2,0,0,0,2,1,2,2,2,2,2,0,2,2,0,0,0,2,2,0,1,0,0,2,2,0,2,2,2,2,2,0,2,0,2,2,2,0,0,0,2,0,2,2,2,2,2,2,2,2,2,2,0,2,0,2,2,0,2,2,2,2,2,2,2,2,0,2,2,0,2,0,2,0,1,2,2,0,2,0,0,2,2,1,0,2,0,2,0,2,2
214,Bred_0425,0,2,2,2,2,2,2,0,0,0,2,0,0,2,0,2,1,0,2,2,0,2,0,0,2,0,0,2,2,2,0,2,1,1,0,1,2,1,2,0,1,0,0,2,0,0,2,1,0,2,2,2,2,2,0,0,1,2,2,0,2,0,2,2,2,1,0,0,0,0,0,0,0,0,2,0,0,2,0,2,0,2,2,2,0,0,0,0,0,0,2,2,2,2,0,2,2,2,0,0,2,2,2,0,0,2,2,0,0,0,2,2,2,2,1,2,0,0,2,0,2,1,0,0,0,2,0,2,1,2,0,2,0,2,2,0,2,2,2,2,0,0,2,2,0,0,2,2,2,2,2,0,2,1,2,2,0,1,1,0,1,2,0,0,0,2,0,0,0,2,0,0,2,1,0,0,2,2,2,2,0,0,1,0,2,0,0,0,2,0
215,Bred_0426,1,0,1,1,1,1,1,1,1,1,0,1,0,1,2,2,1,1,1,1,1,1,1,1,1,0,0,0,1,2,2,1,0,1,1,1,2,1,1,1,1,2,0,1,2,1,1,1,0,1,1,0,1,2,2,0,1,0,1,1,0,0,1,1,0,1,1,1,1,1,1,1,2,1,0,1,1,1,1,0,1,1,1,1,1,1,1,1,1,1,1,1,1,0,1,1,1,0,1,1,1,1,1,0,2,1,2,2,1,1,0,1,1,2,1,1,1,1,0,1,2,1,0,1,2,1,0,2,2,1,0,0,2,0,1,1,1,2,1,1,1,0,1,1,1,1,2,0,1,1,1,1,0,0,1,1,1,1,1,0,2,0,1,1,1,0,1,1,1,1,1,1,1,0,2,1,1,0,2,0,1,1,1,0,1,0,1,1,1,0
216,Bred_0429,2,2,0,0,0,0,0,2,2,2,2,0,0,2,2,0,0,2,2,0,2,2,2,1,0,0,2,2,2,0,1,2,2,0,2,2,1,2,2,0,0,0,0,0,0,0,0,2,2,2,1,2,0,0,2,2,2,0,0,2,0,2,0,0,0,2,2,2,2,2,2,2,0,2,2,2,0,2,0,2,2,0,0,2,2,2,2,2,2,0,0,2,2,2,0,0,0,2,2,2,0,0,0,2,2,2,2,2,2,2,2,0,2,0,2,0,0,2,2,2,0,0,2,1,0,2,2,2,2,0,2,2,2,2,2,2,0,0,0,0,0,0,0,0,2,2,1,2,2,2,2,2,0,2,0,2,2,2,2,2,2,0,2,2,2,0,0,2,2,2,0,2,0,2,0,1,2,0,2,2,0,0,1,2,2,2,2,0,0,2
217,Bred_0433,2,2,0,0,0,0,0,0,2,2,0,0,2,0,0,1,2,2,0,2,0,2,0,2,0,2,0,2,1,0,0,1,2,2,2,2,0,2,2,0,2,2,2,2,0,0,2,2,2,2,0,2,0,0,0,0,2,2,0,2,2,0,0,2,2,1,2,1,2,0,2,1,0,0,2,2,0,2,0,1,0,2,0,1,2,0,0,2,2,0,2,1,2,0,0,2,0,2,0,2,2,2,0,2,1,1,0,2,2,0,2,2,2,0,2,2,2,2,0,2,0,2,2,2,0,2,2,2,1,0,0,1,2,1,0,2,2,0,0,2,0,2,0,2,2,2,0,0,2,2,0,0,0,2,2,0,0,0,0,2,0,2,2,2,2,2,2,2,2,2,1,2,2,2,2,0,2,2,0,2,0,2,2,2,0,2,0,0,2,0
218,Bred_0434,0,1,1,0,0,0,1,0,2,1,0,1,1,0,2,0,2,0,1,0,0,1,2,1,1,0,0,2,0,2,1,0,1,0,0,0,2,1,1,1,0,2,1,0,0,1,1,1,2,1,1,1,1,0,2,2,2,2,1,2,1,0,1,1,0,1,1,0,0,0,1,2,2,1,1,0,1,0,1,0,0,1,1,0,1,2,0,0,0,0,1,0,2,0,2,1,1,1,0,1,0,1,1,2,1,0,1,1,1,0,1,0,1,0,1,1,0,1,0,1,0,0,2,1,0,1,0,2,2,2,0,0,1,0,1,1,1,0,1,1,2,1,1,2,0,1,1,1,2,2,0,0,1,1,2,2,2,1,1,1,1,2,0,1,0,1,1,0,1,2,1,0,1,1,1,2,1,2,0,2,1,1,1,1,1,1,0,2,2,0
